,name,github_id,github_url,homepage,license,created_at,updated_at,last_commit_pushed_at,commit_count,recent_commit_count,fork_count,watchers_count,pr_count,open_issue_count,closed_issue_count,star_count,latest_stable_release_published_at,latest_stable_release_number,release_count,description,dependent_project_count,github_dependent_project_count,contributor_count,projectrank,show,category,projectrank_placing,github_release_downloads,monthly_downloads,trending,updated_github_id
0,tpot,EpistasisLab/tpot,https://github.com/EpistasisLab/tpot,https://github.com/EpistasisLab/tpot,LGPL-3.0,2015-11-03 21:08:40,2025-02-26 17:13:44,2025-02-26 17:12:17,527,41.0,1548.0,287.0,435.0,286.0,639.0,9855,2025-02-25 21:05:37,1.0.0,31.0,A Python Automated Machine Learning tool that optimizes machine learning pipelines using genetic programming.,3253.0,3253.0,9.0,28,True,others,1.0,,,,
1,brainflow,brainflow-dev/brainflow,https://github.com/brainflow-dev/brainflow,https://github.com/brainflow-dev/brainflow,,2018-07-15 12:42:26,2025-03-06 02:20:48,2025-02-23 18:24:37,1374,6.0,331.0,29.0,437.0,18.0,241.0,1377,2025-01-15 23:26:53,5.16.0,97.0,"BrainFlow is a library intended to obtain, parse and analyze EEG, EMG, ECG and other kinds of data from biosensors.",367.0,367.0,57.0,27,False,others,1.0,226149.0,3479.0,,
2,camel,camel-ai/camel,https://github.com/camel-ai/camel,https://github.com/camel-ai/camel,Apache-2.0,2023-03-17 21:41:54,2025-03-06 18:13:10,2025-03-05 15:47:02,745,186.0,774.0,70.0,959.0,266.0,480.0,6546,2025-02-15 14:53:58,0.2.22,58.0,CAMEL: Finding the Scaling Law of Agents. The first and the best multi-agent framework. https://www.camel-ai.org.,89.0,89.0,78.0,26,True,others,1.0,299.0,13.0,-1.0,
3,deap,DEAP/deap,https://github.com/DEAP/deap,https://github.com/DEAP/deap,LGPL-3.0,2014-05-21 20:07:39,2025-01-09 14:42:50,2025-01-09 14:42:49,2349,8.0,1121.0,190.0,242.0,233.0,288.0,5994,,,,Distributed Evolutionary Algorithms in Python.,5942.0,5942.0,90.0,26,True,others,1.0,,,,
4,malmo,microsoft/malmo,https://github.com/microsoft/malmo,https://github.com/microsoft/malmo,MIT,2016-05-17 14:58:40,2023-12-04 09:23:11,2022-09-23 11:12:11,1770,,584.0,260.0,233.0,166.0,546.0,4132,2018-11-06 09:13:55,0.36.0,21.0,Project Malmo is a platform for Artificial Intelligence experimentation and research built on top of Minecraft. We aim..,34.0,34.0,35.0,25,False,others,1.0,43338.0,408.0,,
5,GeneticAlgorithmPython,ahmedfgad/GeneticAlgorithmPython,https://github.com/ahmedfgad/GeneticAlgorithmPython,https://github.com/ahmedfgad/GeneticAlgorithmPython,BSD-3-Clause,2018-12-11 11:19:33,2025-02-06 20:54:46,2025-01-07 23:36:15,504,33.0,469.0,30.0,98.0,94.0,71.0,1981,2025-01-07 23:53:04,3.4.0,38.0,"Source code of PyGAD, a Python 3 library for building the genetic algorithm and training machine learning algorithms..",751.0,751.0,23.0,25,True,others,1.0,1142.0,19.0,,
6,ck,mlcommons/ck,https://github.com/mlcommons/ck,https://github.com/mlcommons/ck,Apache-2.0,2014-11-05 17:14:43,2025-02-20 09:33:22,2025-02-20 09:31:02,8654,166.0,116.0,52.0,888.0,9.0,496.0,619,2025-02-20 09:32:41,cmind-v4.1.3,100.0,"Collective Knowledge (CK), Collective Mind (CM) and Common Metadata eXchange (CMX): community-driven projects to..",115.0,115.0,34.0,25,True,others,1.0,,,-1.0,
7,pymoo,anyoptimization/pymoo,https://github.com/anyoptimization/pymoo,https://github.com/anyoptimization/pymoo,Apache-2.0,2017-09-19 21:52:39,2025-03-06 03:04:41,2025-02-18 02:58:05,971,5.0,408.0,29.0,108.0,25.0,412.0,2414,2024-07-31 04:57:29,0.6.1.3,13.0,"NSGA2, NSGA3, R-NSGA3, MOEAD, Genetic Algorithms (GA), Differential Evolution (DE), CMAES, PSO.",1521.0,1521.0,60.0,24,True,others,1.0,,,,
8,vizier,google/vizier,https://github.com/google/vizier,https://github.com/google/vizier,Apache-2.0,2022-02-16 20:48:16,2025-02-14 15:27:09,2025-02-14 15:27:03,1183,31.0,98.0,23.0,1193.0,1.0,42.0,1536,2025-02-01 16:38:21,0.1.24,42.0,"Python-based research interface for blackbox and hyperparameter optimization, based on the internal Google Vizier..",73.0,73.0,24.0,24,True,others,1.0,,,,
9,ChatDev,OpenBMB/ChatDev,https://github.com/OpenBMB/ChatDev,https://github.com/OpenBMB/ChatDev,Apache-2.0,2023-08-28 02:18:13,2024-12-30 06:37:25,2024-12-30 06:36:23,472,4.0,3310.0,319.0,202.0,25.0,247.0,26377,2024-11-12 08:48:09,1.1.6,9.0,Create Customized Software using Natural Language Idea (through LLM-powered Multi-Agent Collaboration).,,,65.0,23,True,others,1.0,,,-1.0,
10,concordia,google-deepmind/concordia,https://github.com/google-deepmind/concordia,https://github.com/google-deepmind/concordia,Apache-2.0,2023-11-21 13:34:11,2025-03-06 15:04:25,2025-03-06 14:08:42,819,51.0,150.0,23.0,88.0,6.0,37.0,795,2024-12-19 13:01:57,1.8.10,21.0,A library for generative social simulation.,14.0,14.0,24.0,23,True,others,1.0,,,1.0,
11,agentscope,modelscope/agentscope,https://github.com/modelscope/agentscope,https://github.com/modelscope/agentscope,Apache-2.0,2024-01-12 03:41:59,2025-03-06 05:28:43,2025-03-06 04:20:11,300,25.0,374.0,36.0,376.0,33.0,131.0,6453,2025-03-06 05:28:43,0.1.2,7.0,Start building LLM-empowered multi-agent applications in an easier way.,16.0,16.0,36.0,22,True,others,1.0,38.0,2.0,,
12,scikit-opt,guofei9987/scikit-opt,https://github.com/guofei9987/scikit-opt,https://github.com/guofei9987/scikit-opt,MIT,2017-12-05 10:20:41,2024-06-23 12:28:48,2024-06-23 12:28:48,343,,988.0,50.0,34.0,68.0,113.0,5435,2021-06-28 12:45:52,0.6.5,20.0,"Genetic Algorithm, Particle Swarm Optimization, Simulated Annealing, Ant Colony Optimization Algorithm,Immune..",256.0,256.0,24.0,22,True,others,1.0,,,,
13,mindspore,mindspore-ai/mindspore,https://github.com/mindspore-ai/mindspore,https://github.com/mindspore-ai/mindspore,Apache-2.0,2020-02-11 08:43:48,2024-07-29 01:48:05,2024-07-28 23:35:15,83896,,700.0,149.0,42.0,171.0,112.0,4428,,,,"MindSpore is a new open source deep learning training/inference framework that could be used for mobile, edge and..",,,1629.0,22,True,others,1.0,,,,
14,hivemind,learning-at-home/hivemind,https://github.com/learning-at-home/hivemind,https://github.com/learning-at-home/hivemind,MIT,2020-02-27 13:50:19,2025-02-23 23:49:00,2024-11-05 08:39:28,583,,166.0,56.0,476.0,63.0,104.0,2133,2023-08-31 20:07:52,1.1.10,25.0,Decentralized deep learning in PyTorch. Built to train models on thousands of volunteers across the world.,120.0,120.0,33.0,22,True,others,1.0,,,,
15,pyswarms,ljvmiranda921/pyswarms,https://github.com/ljvmiranda921/pyswarms,https://github.com/ljvmiranda921/pyswarms,MIT,2017-07-12 12:04:45,2024-08-06 17:18:34,2023-06-06 09:46:40,415,,333.0,40.0,302.0,32.0,200.0,1309,2020-11-14 05:18:38,.1.2.0,15.0,A research toolkit for particle swarm optimization in Python.,503.0,503.0,45.0,22,False,others,1.0,,,,
16,gplearn,trevorstephens/gplearn,https://github.com/trevorstephens/gplearn,https://github.com/trevorstephens/gplearn,BSD-3-Clause,2015-03-26 01:01:14,2023-11-29 15:04:03,2023-08-12 06:34:27,161,,287.0,52.0,89.0,23.0,191.0,1660,2022-05-03 10:56:08,0.4.2,1.0,"Genetic Programming in Python, with a scikit-learn inspired API.",691.0,691.0,10.0,21,False,others,1.0,,,,
17,nengo,nengo/nengo,https://github.com/nengo/nengo,https://github.com/nengo/nengo,,2013-04-20 18:46:06,2024-02-28 20:13:02,2023-11-17 15:42:30,1756,,180.0,76.0,925.0,123.0,649.0,851,2023-11-17 15:28:21,4.0.0,21.0,A Python library for creating and simulating large-scale brain models.,244.0,244.0,42.0,21,False,others,1.0,,,,
18,FEDOT,aimclub/FEDOT,https://github.com/aimclub/FEDOT,https://github.com/aimclub/FEDOT,BSD-3-Clause,2020-01-13 12:48:37,2025-03-06 14:55:10,2025-03-06 14:37:03,919,16.0,86.0,11.0,787.0,59.0,498.0,661,2024-08-28 11:07:57,0.7.4,18.0,Automated modeling and machine learning framework FEDOT.,58.0,58.0,38.0,21,True,others,1.0,,,,
19,evox,EMI-Group/evox,https://github.com/EMI-Group/evox,https://github.com/EMI-Group/evox,GPL-3.0,2022-07-27 03:11:41,2025-03-06 09:46:01,2025-03-05 14:59:27,1946,693.0,44.0,6.0,187.0,1.0,30.0,292,2025-03-01 11:29:05,1.1.0,21.0,Distributed GPU-Accelerated Framework for Evolutionary Computation. Comprehensive Library of Evolutionary Algorithms &..,4.0,4.0,28.0,21,True,others,1.0,,,,
20,NiaPy,NiaOrg/NiaPy,https://github.com/NiaOrg/NiaPy,https://github.com/NiaOrg/NiaPy,MIT,2018-02-06 11:25:36,2025-03-06 03:05:10,2025-01-06 13:14:30,1536,6.0,81.0,10.0,541.0,4.0,99.0,266,2025-01-06 13:17:14,2.5.2,34.0,Python microframework for building nature-inspired algorithms. Official docs: https://niapy.org.,100.0,100.0,35.0,21,True,others,1.0,,,,
21,Gradient-Free-Optimizers,SimonBlanke/Gradient-Free-Optimizers,https://github.com/SimonBlanke/Gradient-Free-Optimizers,https://github.com/SimonBlanke/Gradient-Free-Optimizers,MIT,2020-04-04 06:35:55,2025-03-03 20:06:03,2025-01-23 18:37:42,942,12.0,84.0,22.0,8.0,13.0,40.0,1217,2024-12-07 12:30:38,1.7.1,7.0,"Simple and reliable optimization with local, global, population-based and sequential techniques in numerical discrete..",37.0,37.0,7.0,20,True,others,1.0,56.0,1.0,,
22,pycma,CMA-ES/pycma,https://github.com/CMA-ES/pycma,https://github.com/CMA-ES/pycma,,2016-09-22 13:55:01,2025-02-13 15:39:17,2025-02-13 15:35:38,909,7.0,179.0,16.0,27.0,68.0,196.0,1153,2024-09-03 07:48:43,r4.0.0,14.0,Python implementation of CMA-ES.,2354.0,2354.0,15.0,20,False,others,1.0,,,,
23,ann-benchmarks,erikbern/ann-benchmarks,https://github.com/erikbern/ann-benchmarks,https://github.com/erikbern/ann-benchmarks,MIT,2015-05-28 13:21:43,2025-03-03 12:22:29,2025-03-03 12:22:29,1576,8.0,743.0,118.0,348.0,73.0,154.0,5144,,,,Benchmarks of approximate nearest neighbor libraries in Python.,,,111.0,19,True,others,2.0,,,,
24,HEBO,huawei-noah/HEBO,https://github.com/huawei-noah/HEBO,https://github.com/huawei-noah/HEBO,,2021-09-10 06:02:05,2025-02-24 13:36:54,2025-02-07 18:31:30,239,9.0,445.0,232.0,48.0,16.0,40.0,2575,,,1.0,Bayesian optimisation & Reinforcement Learning library developed by Huawei Noahs Ark Lab.,137.0,137.0,25.0,19,False,others,2.0,,,,
25,lion-pytorch,lucidrains/lion-pytorch,https://github.com/lucidrains/lion-pytorch,https://github.com/lucidrains/lion-pytorch,MIT,2023-02-15 04:24:19,2024-11-27 15:28:24,2024-11-27 15:28:16,49,,52.0,14.0,9.0,8.0,16.0,2101,2024-11-27 15:28:24,0.2.3,15.0,"Lion, new optimizer discovered by Google Brain using genetic algorithms that is purportedly better than Adam(w), in..",914.0,914.0,6.0,19,True,others,2.0,,,1.0,
26,theseus,facebookresearch/theseus,https://github.com/facebookresearch/theseus,https://github.com/facebookresearch/theseus,MIT,2021-11-18 20:28:27,2025-01-16 17:47:06,2025-01-16 17:47:03,357,3.0,131.0,32.0,426.0,74.0,121.0,1846,2024-09-11 17:13:49,0.2.2,10.0,A library for differentiable nonlinear optimization.,6.0,6.0,27.0,19,True,others,2.0,,,,
27,pagmo2,esa/pagmo2,https://github.com/esa/pagmo2,https://github.com/esa/pagmo2,GPL-3.0,2017-01-08 21:53:43,2025-01-13 17:44:17,2025-01-13 17:40:15,4635,3.0,161.0,37.0,322.0,45.0,198.0,857,2024-08-09 18:47:03,2.19.1,26.0,A C++ platform to perform parallel computations of optimisation tasks (global and local) via the asynchronous..,,,60.0,19,True,others,2.0,,,,
28,Platypus,Project-Platypus/Platypus,https://github.com/Project-Platypus/Platypus,https://github.com/Project-Platypus/Platypus,GPL-3.0,2015-10-09 19:19:17,2024-10-07 02:45:44,2024-10-07 02:45:44,403,,149.0,19.0,73.0,,177.0,597,2024-10-07 02:27:36,1.4.1,10.0,A Free and Open Source Python Library for Multiobjective Optimization.,227.0,227.0,19.0,19,True,others,2.0,22.0,0.0,,
29,jMetalPy,jMetal/jMetalPy,https://github.com/jMetal/jMetalPy,https://github.com/jMetal/jMetalPy,MIT,2017-01-18 10:25:58,2024-12-22 19:04:42,2024-12-22 19:04:42,1187,4.0,147.0,22.0,71.0,9.0,104.0,544,2024-05-29 15:49:17,1.7.0,8.0,A framework for single/multi-objective optimization with metaheuristics.,99.0,99.0,34.0,19,True,others,2.0,103.0,1.0,,
30,mindcraft,kolbytn/mindcraft,https://github.com/kolbytn/mindcraft,https://github.com/kolbytn/mindcraft,MIT,2023-08-16 06:39:59,2025-03-05 21:46:49,2025-03-04 21:56:39,772,147.0,392.0,40.0,199.0,152.0,110.0,2995,,,,,,,35.0,18,False,others,2.0,,,,
31,geatpy,geatpy-dev/geatpy,https://github.com/geatpy-dev/geatpy,https://github.com/geatpy-dev/geatpy,LGPL-3.0,2018-08-23 13:26:31,2025-01-17 08:53:46,2025-01-17 08:53:45,404,1.0,725.0,46.0,8.0,160.0,218.0,2058,2022-01-09 08:11:32,2.7.0,2.0,Evolutionary algorithm toolbox and framework with high performance for Python.,,,8.0,18,True,others,2.0,4815.0,126.0,,
32,evo,evo-design/evo,https://github.com/evo-design/evo,https://github.com/evo-design/evo,Apache-2.0,2024-02-17 19:11:33,2025-02-26 01:43:15,2025-02-26 01:43:15,48,6.0,163.0,26.0,32.0,33.0,34.0,1330,2024-12-18 16:25:45,0.4,6.0,Biological foundation modeling from molecular to genome scale.,4.0,4.0,9.0,18,True,others,2.0,,,,
33,mealpy,thieu1995/mealpy,https://github.com/thieu1995/mealpy,https://github.com/thieu1995/mealpy,GPL-3.0,2020-03-16 10:16:54,2024-09-03 21:46:52,2024-06-12 15:50:21,1759,,195.0,15.0,26.0,15.0,138.0,969,2023-11-05 09:30:19,3.0.1,56.0,A Collection Of The State-of-the-art Metaheuristic Algorithms In Python (Metaheuristic/Optimizer/Nature-..,138.0,138.0,14.0,18,True,others,2.0,,,,
34,eaopt,MaxHalford/eaopt,https://github.com/MaxHalford/eaopt,https://github.com/MaxHalford/eaopt,MIT,2016-01-31 00:04:52,2025-01-27 08:06:47,2025-01-27 08:06:47,351,3.0,95.0,32.0,36.0,8.0,14.0,892,2017-11-28 19:51:38,0.4.1,9.0,"Evolutionary optimization library for Go (genetic algorithm, partical swarm optimization, differential evolution).",50.0,50.0,18.0,18,True,others,2.0,,,,
35,sklearn-deap,rsteca/sklearn-deap,https://github.com/rsteca/sklearn-deap,https://github.com/rsteca/sklearn-deap,MIT,2015-10-28 22:52:34,2024-02-10 07:16:54,2021-07-30 15:06:27,104,,124.0,29.0,29.0,20.0,34.0,773,2021-07-30 15:07:28,0.3.0,14.0,Use evolutionary algorithms instead of gridsearch in scikit-learn.,49.0,49.0,23.0,18,False,others,2.0,,,,
36,minerl,minerllabs/minerl,https://github.com/minerllabs/minerl,https://github.com/minerllabs/minerl,,2019-04-23 16:55:21,2025-01-22 20:22:41,2025-01-22 20:22:40,797,1.0,151.0,18.0,307.0,221.0,267.0,753,2023-08-23 21:30:19,1.0.2,7.0,MineRL Competition for Sample Efficient Reinforcement Learning - Python Package.,139.0,139.0,48.0,18,False,others,2.0,,,,
37,QDax,adaptive-intelligent-robotics/QDax,https://github.com/adaptive-intelligent-robotics/QDax,https://github.com/adaptive-intelligent-robotics/QDax,MIT,2022-02-11 15:48:57,2025-03-05 19:48:18,2025-02-25 19:28:43,167,5.0,46.0,5.0,137.0,32.0,53.0,276,2025-03-04 11:46:46,0.4.1,8.0,Accelerated Quality-Diversity.,17.0,17.0,14.0,18,True,others,2.0,,,1.0,
38,pyribs,icaros-usc/pyribs,https://github.com/icaros-usc/pyribs,https://github.com/icaros-usc/pyribs,MIT,2020-09-10 07:47:17,2025-01-06 21:42:21,2025-01-06 21:42:17,468,7.0,38.0,15.0,388.0,17.0,90.0,217,2024-03-14 09:44:26,0.7.1,14.0,A bare-bones Python library for quality diversity optimization.,63.0,63.0,16.0,18,True,others,2.0,,,,
39,sotopia,sotopia-lab/sotopia,https://github.com/sotopia-lab/sotopia,https://github.com/sotopia-lab/sotopia,MIT,2023-10-23 19:47:26,2025-03-02 06:36:21,2025-02-25 16:52:37,322,41.0,26.0,3.0,206.0,10.0,67.0,197,2025-02-01 22:01:46,0.1.4,16.0,Sotopia: an Open-ended Social Learning Environment (ICLR 2024 spotlight).,8.0,8.0,19.0,18,True,others,2.0,,,,
40,triangula,rh12503/triangula,https://github.com/rh12503/triangula,https://github.com/rh12503/triangula,MIT,2021-04-02 12:38:24,2021-09-02 02:11:07,2021-09-02 02:11:07,100,,122.0,41.0,3.0,8.0,13.0,3855,2021-05-21 12:57:14,1.2.0,5.0,Generate high-quality triangulated and polygonal art from images.,11.0,11.0,3.0,17,False,others,2.0,6532.0,138.0,,
41,dreamerv3,danijar/dreamerv3,https://github.com/danijar/dreamerv3,https://github.com/danijar/dreamerv3,MIT,2023-01-14 12:08:18,2025-02-22 20:14:21,2025-02-22 20:14:18,28,6.0,254.0,27.0,27.0,26.0,125.0,1532,,,,Mastering Diverse Domains through World Models.,10.0,10.0,10.0,17,True,others,2.0,,,1.0,
42,evosax,RobertTLange/evosax,https://github.com/RobertTLange/evosax,https://github.com/RobertTLange/evosax,Apache-2.0,2020-12-30 14:14:37,2025-03-06 13:07:31,2025-01-08 13:12:00,292,5.0,47.0,9.0,40.0,16.0,27.0,565,2024-03-06 17:13:36,.0.1.6,16.0,Evolution Strategies in JAX.,132.0,132.0,9.0,17,True,others,2.0,,,,
43,Sklearn-genetic-opt,rodrigo-arenas/Sklearn-genetic-opt,https://github.com/rodrigo-arenas/Sklearn-genetic-opt,https://github.com/rodrigo-arenas/Sklearn-genetic-opt,MIT,2020-01-18 19:16:48,2025-01-25 17:16:32,2025-01-25 17:16:32,511,2.0,79.0,8.0,96.0,3.0,62.0,329,2024-09-17 16:58:38,0.11.1,18.0,"ML hyperparameters tuning and features selection, using evolutionary algorithms.",58.0,58.0,16.0,17,True,others,2.0,,,,
44,Lenia,Chakazul/Lenia,https://github.com/Chakazul/Lenia,https://github.com/Chakazul/Lenia,MIT,2018-02-25 05:51:46,2024-07-19 08:43:34,2022-03-15 17:08:40,174,,225.0,91.0,12.0,4.0,11.0,3584,2020-10-14 17:52:12,3.5,2.0,Lenia - Mathematical Life Forms.,,,9.0,16,False,others,2.0,1711.0,32.0,,
45,PlatEMO,BIMK/PlatEMO,https://github.com/BIMK/PlatEMO,https://github.com/BIMK/PlatEMO,,2018-10-12 14:25:39,2025-02-07 12:21:58,2025-02-07 12:21:44,364,8.0,476.0,51.0,58.0,74.0,38.0,1753,2025-02-06 08:41:09,4.11,30.0,Evolutionary multi-objective optimization platform.,,,12.0,16,False,others,2.0,1145.0,14.0,,
46,opytimizer,gugarosa/opytimizer,https://github.com/gugarosa/opytimizer,https://github.com/gugarosa/opytimizer,Apache-2.0,2017-11-01 16:04:01,2024-10-22 13:32:17,2024-08-18 17:07:49,821,,42.0,15.0,18.0,,22.0,613,2024-08-18 17:09:46,3.1.4,28.0,Opytimizer is a Python library consisting of meta-heuristic optimization algorithms.,19.0,19.0,4.0,16,True,others,2.0,,,,
47,EvoloPy,7ossam81/EvoloPy,https://github.com/7ossam81/EvoloPy,https://github.com/7ossam81/EvoloPy,Apache-2.0,2016-05-18 11:03:21,2025-02-15 10:26:01,2025-02-15 10:24:46,210,11.0,224.0,24.0,34.0,24.0,22.0,461,,,,EvoloPy toolbox provides classical and recent nature-inspired metaheuristic for the global optimization.,,,12.0,16,True,others,2.0,,,,
48,Craftax,MichaelTMatthews/Craftax,https://github.com/MichaelTMatthews/Craftax,https://github.com/MichaelTMatthews/Craftax,MIT,2024-02-02 10:56:30,2025-02-23 11:01:25,2025-02-23 11:01:25,88,7.0,25.0,4.0,19.0,,17.0,287,2025-01-20 14:13:54,1.4.5,12.0,(Crafter + NetHack) in JAX. ICML 2024 Spotlight.,23.0,23.0,9.0,16,True,others,2.0,,,,
49,pypop,Evolutionary-Intelligence/pypop,https://github.com/Evolutionary-Intelligence/pypop,https://github.com/Evolutionary-Intelligence/pypop,GPL-3.0,2021-01-26 14:55:43,2025-03-06 17:05:01,2025-03-06 17:05:01,7866,109.0,36.0,7.0,452.0,2.0,9.0,227,2024-07-12 08:42:09,0.0.82,3.0,"PyPop7: A Pure-Python Library for POPulation-based Black-Box Optimization (BBO), especially *Large-Scale* variants..",,,15.0,16,True,others,2.0,,,,
50,ngc-learn,NACLab/ngc-learn,https://github.com/NACLab/ngc-learn,https://github.com/NACLab/ngc-learn,BSD-3-Clause,2022-04-19 21:20:05,2025-03-06 01:27:46,2024-12-16 21:42:44,1129,11.0,27.0,6.0,75.0,4.0,8.0,131,2024-06-20 18:51:24,1.2.0-beta,7.0,NGC-Learn: Neurobiological Learning and Biomimetic Systems Simulation in Python.,4.0,4.0,11.0,16,True,others,2.0,,,,
51,NIR,neuromorphs/NIR,https://github.com/neuromorphs/NIR,https://github.com/neuromorphs/NIR,BSD-3-Clause,2023-07-01 20:27:43,2025-03-06 10:04:02,2025-03-06 10:03:59,238,5.0,19.0,13.0,90.0,8.0,30.0,95,2024-04-24 15:30:07,1.0.4,12.0,Neuromorphic Intermediate Representation reference implementation.,74.0,74.0,16.0,16,False,others,2.0,,,,
52,optunahub,optuna/optunahub,https://github.com/optuna/optunahub,https://github.com/optuna/optunahub,MIT,2024-04-18 08:23:00,2025-03-05 05:00:24,2025-03-05 05:00:20,234,36.0,12.0,,82.0,4.0,3.0,40,2025-01-20 06:08:35,0.2.0,4.0,Python library to use packages in OptunaHub.,20.0,20.0,9.0,16,False,others,2.0,,,1.0,
53,NiaAML,firefly-cpp/NiaAML,https://github.com/firefly-cpp/NiaAML,https://github.com/firefly-cpp/NiaAML,MIT,2020-08-21 17:03:06,2025-01-23 08:39:11,2025-01-23 08:32:58,350,4.0,12.0,3.0,65.0,3.0,29.0,33,2025-01-23 08:39:11,2.1.2,34.0,Python automated machine learning framework.,29.0,29.0,10.0,16,False,others,2.0,,,,
54,OpenELM,CarperAI/OpenELM,https://github.com/CarperAI/OpenELM,https://github.com/CarperAI/OpenELM,MIT,2022-09-03 12:53:16,2023-11-15 11:36:05,2023-10-21 16:25:10,124,,85.0,26.0,64.0,6.0,5.0,713,2023-03-08 01:35:37,0.2.1,6.0,Evolution Through Large Models.,15.0,15.0,9.0,15,False,others,2.0,,,,
55,swarmlib,HaaLeo/swarmlib,https://github.com/HaaLeo/swarmlib,https://github.com/HaaLeo/swarmlib,BSD-3-Clause,2018-11-04 16:47:18,2020-12-16 20:47:50,2020-12-16 20:46:22,246,,108.0,10.0,20.0,12.0,13.0,525,2020-12-16 20:49:37,0.14.1,23.0,This repository implements several swarm optimization algorithms and visualizes them. Implemented algorithms: Particle..,23.0,23.0,7.0,15,False,others,2.0,315.0,4.0,,
56,crafter,danijar/crafter,https://github.com/danijar/crafter,https://github.com/danijar/crafter,MIT,2021-03-10 00:37:31,2024-01-23 23:33:05,2023-12-13 20:12:42,161,,67.0,10.0,8.0,8.0,16.0,420,,,,Benchmarking the Spectrum of Agent Capabilities.,210.0,210.0,4.0,15,False,others,2.0,,,,
57,fast-cma-es,dietmarwo/fast-cma-es,https://github.com/dietmarwo/fast-cma-es,https://github.com/dietmarwo/fast-cma-es,MIT,2020-01-14 12:22:14,2025-02-28 10:47:06,2025-02-28 10:46:52,1078,85.0,19.0,3.0,9.0,3.0,15.0,134,,,,A Python 3 gradient-free optimization library.,74.0,74.0,6.0,15,True,others,2.0,,,,
58,propulate,Helmholtz-AI-Energy/propulate,https://github.com/Helmholtz-AI-Energy/propulate,https://github.com/Helmholtz-AI-Energy/propulate,BSD-3-Clause,2022-05-24 08:19:12,2025-03-04 22:53:52,2025-01-07 07:04:33,1034,6.0,7.0,4.0,53.0,55.0,63.0,36,2024-06-08 06:31:25,1.2.2,4.0,Propulate is an asynchronous population-based optimization algorithm and software package for global optimization and..,4.0,4.0,25.0,15,False,others,2.0,,,,
59,CleverAlgorithms,clever-algorithms/CleverAlgorithms,https://github.com/Jason2Brownlee/CleverAlgorithms,https://github.com/Jason2Brownlee/CleverAlgorithms,,2010-01-02 01:57:17,2024-12-20 03:55:29,2024-12-20 03:55:25,1703,21.0,299.0,111.0,14.0,,,2058,,,,Clever Algorithms: Nature-Inspired Programming Recipes.,,,9.0,14,False,others,2.0,,,,Jason2Brownlee/CleverAlgorithms
60,cambrian,cambrian-mllm/cambrian,https://github.com/cambrian-mllm/cambrian,https://github.com/cambrian-mllm/cambrian,Apache-2.0,2024-06-17 07:00:41,2024-10-30 18:59:56,2024-10-30 18:59:53,59,,127.0,23.0,13.0,41.0,34.0,1862,,,,Cambrian-1 is a family of multimodal LLMs with a vision-centric design.,3.0,3.0,4.0,14,True,others,2.0,,,,
61,evotorch,nnaisense/evotorch,https://github.com/nnaisense/evotorch,https://github.com/nnaisense/evotorch,Apache-2.0,2022-08-08 18:03:06,2025-03-03 19:30:26,2024-11-05 19:42:30,76,,67.0,16.0,73.0,12.0,34.0,1043,2023-11-02 11:09:00,0.5.1,8.0,"Advanced evolutionary computation library built directly on top of PyTorch, created at NNAISENSE.",,,6.0,14,True,others,2.0,,,,
62,evojax,google/evojax,https://github.com/google/evojax,https://github.com/google/evojax,Apache-2.0,2021-12-07 00:30:07,2024-06-27 07:32:19,2024-06-27 07:26:43,298,,99.0,25.0,51.0,14.0,17.0,883,,,19.0,,27.0,27.0,14.0,14,False,others,2.0,,,,
63,pygmo2,esa/pygmo2,https://github.com/esa/pygmo2,https://github.com/esa/pygmo2,MPL-2.0,2020-01-07 09:22:45,2024-08-10 11:03:52,2024-08-10 11:03:52,607,,58.0,12.0,63.0,41.0,58.0,466,2024-08-09 18:53:13,2.19.7,14.0,A Python platform to perform parallel computations of optimisation tasks (global and local) via the asynchronous..,,,10.0,14,True,others,2.0,,,,
64,cmaes,CyberAgentAILab/cmaes,https://github.com/CyberAgentAILab/cmaes,https://github.com/CyberAgentAILab/cmaes,MIT,2020-01-30 20:13:13,2024-11-12 02:52:30,2024-11-12 02:52:29,487,,67.0,14.0,155.0,8.0,31.0,408,2024-08-13 07:03:53,0.11.1,19.0,Python library for CMA Evolution Strategy.,,,9.0,14,True,others,2.0,375.0,6.0,,
65,xland-minigrid,corl-team/xland-minigrid,https://github.com/dunnolab/xland-minigrid,https://github.com/dunnolab/xland-minigrid,Apache-2.0,2023-12-01 17:14:25,2024-11-16 08:37:31,2024-11-16 08:37:31,64,,19.0,11.0,23.0,5.0,12.0,266,2024-10-11 05:28:54,0.9.1,6.0,JAX-accelerated Meta-Reinforcement Learning Environments Inspired by XLand and MiniGrid.,12.0,12.0,7.0,14,True,others,2.0,,,,dunnolab/xland-minigrid
66,evogym,EvolutionGym/evogym,https://github.com/EvolutionGym/evogym,https://github.com/EvolutionGym/evogym,MIT,2022-01-26 17:56:55,2024-08-10 18:55:41,2024-07-09 01:30:25,59,,34.0,8.0,18.0,3.0,28.0,202,2024-08-10 18:55:41,2.0.0,2.0,"A large-scale benchmark for co-optimizing the design and control of soft robots, as seen in NeurIPS 2021.",8.0,8.0,3.0,14,True,others,2.0,,,,
67,timeflux,timeflux/timeflux,https://github.com/timeflux/timeflux,https://github.com/timeflux/timeflux,MIT,2019-01-04 15:09:03,2024-12-04 13:21:14,2024-09-23 12:43:00,533,,26.0,13.0,50.0,15.0,17.0,169,2024-12-04 13:21:14,0.17.2,40.0,The programming interface for your body and mind.,,,7.0,14,True,others,2.0,,,,
68,DistributedEvolutionaryComputation,Evolutionary-Intelligence/DistributedEvolutionaryComputation,https://github.com/Evolutionary-Intelligence/DistributedEvolutionaryComputation,https://github.com/Evolutionary-Intelligence/DistributedEvolutionaryComputation,CC0-1.0,2021-01-26 09:27:49,2025-03-05 09:57:47,2025-03-05 09:57:47,3273,212.0,34.0,4.0,63.0,,,130,,,,A (still growing) paper list of Evolutionary Computation (EC) published in some (rather all) top-tier (and also EC-..,,,15.0,14,False,others,2.0,,,,
69,gomea,CWI-EvolutionaryIntelligence/gomea,https://github.com/CWI-EvolutionaryIntelligence/GOMEA,https://github.com/CWI-EvolutionaryIntelligence/GOMEA,MIT,2022-12-23 12:45:47,2025-03-03 10:56:42,2025-03-03 10:45:50,157,3.0,5.0,4.0,35.0,,3.0,23,2024-12-13 22:06:16,1.0.8,8.0,Library for optimization with the model-based evolutionary algorithm GOMEA (Gene-pool Optimal Mixing Evolutionary..,3.0,3.0,5.0,14,False,others,2.0,,,,
70,multi-agent-emergence-environments,openai/multi-agent-emergence-environments,https://github.com/openai/multi-agent-emergence-environments,https://github.com/openai/multi-agent-emergence-environments,MIT,2019-08-12 22:59:09,2024-07-30 20:54:31,2020-11-11 03:42:31,7,,311.0,185.0,21.0,23.0,8.0,1692,,,,Environment generation code for the paper Emergent Tool Use From Multi-Agent Autocurricula.,,,3.0,13,False,others,2.0,,,,
71,brain-tokyo-workshop,google/brain-tokyo-workshop,https://github.com/google/brain-tokyo-workshop,https://github.com/google/brain-tokyo-workshop,Apache-2.0,2019-07-10 06:47:40,2024-07-09 17:49:39,2022-06-22 21:53:53,101,,332.0,38.0,94.0,14.0,13.0,1261,,,,,,,12.0,13,False,others,2.0,,,,
72,optim,kthohr/optim,https://github.com/kthohr/optim,https://github.com/kthohr/optim,Apache-2.0,2017-06-14 01:31:47,2024-04-28 14:30:24,2024-04-28 14:30:23,307,,137.0,39.0,11.0,6.0,53.0,841,,,,OptimLib: a lightweight C++ library of numerical optimization methods for nonlinear functions.,,,3.0,13,True,others,2.0,,,,
73,EC-Bestiary,fcampelo/EC-Bestiary,https://github.com/fcampelo/EC-Bestiary,https://github.com/fcampelo/EC-Bestiary,,2016-03-26 02:55:34,2024-04-25 15:23:43,2024-04-25 15:23:35,236,,66.0,39.0,11.0,71.0,103.0,622,2018-06-20 07:55:06,2.0.1,2.0,"A bestiary of evolutionary, swarm and other metaphor-based algorithms.",,,6.0,13,False,others,2.0,,,,
74,topy,williamhunter/topy,https://github.com/williamhunter/topy,https://github.com/williamhunter/topy,,2015-09-11 09:55:30,2022-08-31 11:37:33,2022-08-31 11:37:33,183,,128.0,34.0,22.0,11.0,26.0,501,2020-05-01 12:04:08,0.4.1,7.0,Topology Optimization using Python.,,,11.0,13,False,others,2.0,594.0,5.0,,
75,DeepSwarm,Pattio/DeepSwarm,https://github.com/Pattio/DeepSwarm,https://github.com/Pattio/DeepSwarm,MIT,2018-12-31 14:06:41,2021-03-25 22:37:52,2019-07-15 18:47:10,133,,37.0,16.0,1.0,4.0,7.0,325,2019-05-24 10:34:32,0.0.9,3.0,Neural Architecture Search Powered by Swarm Intelligence.,6.0,6.0,,13,False,others,2.0,,,,
76,cellpylib,lantunes/cellpylib,https://github.com/lantunes/cellpylib,https://github.com/lantunes/cellpylib,Apache-2.0,2018-03-24 16:33:15,2023-02-21 12:34:45,2023-02-21 12:34:28,183,,33.0,8.0,10.0,7.0,19.0,235,,,,"A library for working with Cellular Automata, for Python.",37.0,37.0,3.0,13,False,others,2.0,,,,
77,humpday,microprediction/humpday,https://github.com/microprediction/humpday,https://github.com/microprediction/humpday,MIT,2020-10-23 18:58:25,2025-02-06 19:14:16,2025-02-06 19:14:16,301,1.0,19.0,6.0,3.0,27.0,3.0,138,2023-03-05 02:32:22,0.7.1,19.0,Elo ratings for global black box derivative-free optimizers.,11.0,11.0,5.0,13,True,others,2.0,,,,
78,FireflyAlgorithm,firefly-cpp/FireflyAlgorithm,https://github.com/firefly-cpp/FireflyAlgorithm,https://github.com/firefly-cpp/FireflyAlgorithm,MIT,2017-01-02 10:43:04,2025-01-04 20:03:28,2025-01-04 19:05:26,111,1.0,27.0,4.0,15.0,,6.0,59,2025-01-04 20:03:28,0.4.6,18.0,Implementation of Firefly Algorithm in Python.,4.0,4.0,6.0,13,False,others,2.0,,,,
79,LLaMEA,nikivanstein/LLaMEA,https://github.com/XAI-liacs/LLaMEA,https://github.com/XAI-liacs/LLaMEA,MIT,2024-06-03 13:04:53,2025-03-06 09:43:04,2025-03-05 11:07:49,230,109.0,5.0,2.0,26.0,,1.0,23,2025-03-03 09:08:16,1.0.0,5.0,Large Language Model Evolutionary Algorithm.,2.0,2.0,5.0,13,False,others,2.0,,,,XAI-liacs/LLaMEA
80,biosim4,davidrmiller/biosim4,https://github.com/davidrmiller/biosim4,https://github.com/davidrmiller/biosim4,,2021-09-18 09:20:11,2024-11-12 23:02:24,2024-11-12 23:02:23,60,,464.0,92.0,46.0,37.0,25.0,3255,,,,Biological evolution simulator.,,,14.0,12,False,others,2.0,,,,
81,evolution-strategies-starter,openai/evolution-strategies-starter,https://github.com/openai/evolution-strategies-starter,https://github.com/openai/evolution-strategies-starter,MIT,2017-03-24 16:14:07,2019-10-31 09:20:13,2018-11-22 00:40:02,4,,278.0,239.0,2.0,15.0,7.0,1582,,,,Code for the paper Evolution Strategies as a Scalable Alternative to Reinforcement Learning.,,,2.0,12,False,others,2.0,,,,
82,arena,diambra/arena,https://github.com/diambra/arena,https://github.com/diambra/arena,,2021-01-26 12:24:04,2024-06-11 01:49:14,2024-06-11 01:49:14,748,,23.0,9.0,70.0,4.0,39.0,332,,,,DIAMBRA Arena: a New Reinforcement Learning Platform for Research and Experimentation.,11.0,11.0,5.0,12,False,others,2.0,,,,
83,Gentopia,Gentopia-AI/Gentopia,https://github.com/Gentopia-AI/Gentopia,https://github.com/Gentopia-AI/Gentopia,MIT,2023-05-29 22:35:23,2023-11-27 02:42:21,2023-10-08 01:37:52,151,,41.0,3.0,60.0,2.0,3.0,312,2023-08-22 04:55:24,beta-release,1.0,Build Hierarchical Autonomous Agents through Config. Collaborative Growth of Specialized Agents.,3.0,3.0,7.0,12,False,others,2.0,,,,
84,loss-of-plasticity,shibhansh/loss-of-plasticity,https://github.com/shibhansh/loss-of-plasticity,https://github.com/shibhansh/loss-of-plasticity,MIT,2022-10-13 18:36:40,2024-11-03 19:10:17,2024-11-03 19:10:17,59,,52.0,6.0,2.0,,7.0,275,2024-05-03 20:39:11,1.1,2.0,Demonstrations of Loss of Plasticity and Implementation of Continual Backpropagation.,5.0,5.0,5.0,12,True,others,2.0,,,,
85,design-bench,brandontrabucco/design-bench,https://github.com/brandontrabucco/design-bench,https://github.com/brandontrabucco/design-bench,MIT,2020-06-25 16:15:28,2024-04-21 15:51:41,2024-01-29 19:05:57,267,,19.0,5.0,7.0,13.0,6.0,88,2021-10-22 19:07:35,2_0_20,18.0,Benchmarks for Model-Based Optimization.,23.0,23.0,5.0,12,False,others,2.0,,,,
86,DEHB,automl/DEHB,https://github.com/automl/DEHB,https://github.com/automl/DEHB,Apache-2.0,2020-07-28 21:13:24,2024-08-12 11:54:18,2024-08-12 11:50:23,420,,16.0,10.0,61.0,11.0,25.0,75,2024-07-11 13:01:56,0.1.2,5.0,,18.0,18.0,10.0,12,False,others,2.0,56.0,2.0,,
87,craftium,mikelma/craftium,https://github.com/mikelma/craftium,https://github.com/mikelma/craftium,,2024-06-04 14:48:25,2025-02-11 09:01:18,2025-02-11 09:01:18,11842,18.0,6.0,2.0,1.0,2.0,3.0,58,,,,"A framework for creating rich, 3D, Minecraft-like single and multi-agent environments for AI research based on Minetest.",,,991.0,12,False,others,2.0,,,,
88,morphogenesis-resources,jasonwebb/morphogenesis-resources,https://github.com/jasonwebb/morphogenesis-resources,https://github.com/jasonwebb/morphogenesis-resources,,2019-04-23 00:42:15,2025-02-12 20:57:21,2025-02-12 20:57:21,225,2.0,112.0,102.0,9.0,25.0,12.0,2089,,,,"Resources on the topic of digital morphogenesis (creating form with code). Includes links to major articles, code..",,,8.0,11,False,others,3.0,,,,
89,deep-neuroevolution,uber-research/deep-neuroevolution,https://github.com/uber-research/deep-neuroevolution,https://github.com/uber-research/deep-neuroevolution,,2018-01-04 01:12:25,2024-01-08 03:03:13,2019-10-24 16:07:15,38,,298.0,79.0,24.0,16.0,17.0,1639,,,,Deep Neuroevolution.,,,15.0,11,False,others,3.0,,,,
90,estool,hardmaru/estool,https://github.com/hardmaru/estool,https://github.com/hardmaru/estool,,2017-10-29 07:20:10,2022-12-08 10:43:25,2022-01-20 15:40:02,76,,161.0,32.0,13.0,6.0,21.0,947,,,,Evolution Strategies Tool.,,,9.0,11,False,others,3.0,,,,
91,SPPO,uclaml/SPPO,https://github.com/uclaml/SPPO,https://github.com/uclaml/SPPO,Apache-2.0,2024-06-13 06:13:29,2025-01-23 01:25:48,2025-01-23 01:25:47,28,1.0,46.0,25.0,4.0,14.0,6.0,494,,,,The official implementation of Self-Play Preference Optimization (SPPO).,,,4.0,11,True,others,3.0,,,,
92,symbiants,MeoMix/symbiants,https://github.com/MeoMix/symbiants,https://github.com/MeoMix/symbiants,Apache-2.0,2023-02-25 01:48:23,2024-08-13 01:44:10,2024-08-13 01:39:25,690,,3.0,4.0,8.0,20.0,28.0,226,,,,Ant Colony Sim + Daily Mental Health Exercises.,,,3.0,11,True,others,3.0,,,,
93,sferes2,sferes2/sferes2,https://github.com/sferes2/sferes2,https://github.com/sferes2/sferes2,,2014-04-14 16:13:17,2022-07-11 19:57:13,2021-03-26 16:14:39,265,,35.0,23.0,46.0,15.0,49.0,163,,,,"A lightweight, generic C++11 framework for evolutionary computation.",,,9.0,11,False,others,3.0,,,,
94,karoo_gp,kstaats/karoo_gp,https://github.com/kstaats/karoo_gp,https://github.com/kstaats/karoo_gp,,2015-10-22 10:29:52,2022-10-31 06:43:54,2022-10-31 06:43:43,286,,62.0,27.0,54.0,19.0,27.0,162,,,,A Genetic Programming platform for Python with TensorFlow for wicked-fast CPU and GPU support.,,,5.0,11,False,others,3.0,,,,
95,evoplex,evoplex/evoplex,https://github.com/evoplex/evoplex,https://github.com/evoplex/evoplex,,2017-08-03 15:10:34,2019-09-17 05:57:29,2019-07-29 20:32:11,1003,,23.0,12.0,29.0,7.0,12.0,134,2018-10-23 00:57:18,0.2.1,4.0,"Evoplex is a fast, robust and extensible platform for developing agent-based models and multi-agent systems on..",,,7.0,11,False,others,3.0,5927.0,75.0,,
96,self-parking-car-evolution,trekhleb/self-parking-car-evolution,https://github.com/trekhleb/self-parking-car-evolution,https://github.com/trekhleb/self-parking-car-evolution,MIT,2021-05-13 12:43:53,2022-10-21 20:27:26,2022-10-21 20:27:26,493,,78.0,16.0,2.0,9.0,4.0,732,,,,Training the car to do self-parking using a genetic algorithm.,,,2.0,10,False,others,3.0,,,,
97,Solid,100/Solid,https://github.com/100/Solid,https://github.com/100/Solid,MIT,2017-06-12 05:02:08,2019-07-19 15:31:43,2017-09-01 00:37:38,50,,55.0,12.0,5.0,6.0,1.0,576,2017-06-19 07:34:34,0.11,2.0,A comprehensive gradient-free optimization framework written in Python.,,,4.0,10,False,others,3.0,,,,
98,AgentGym,WooooDyy/AgentGym,https://github.com/WooooDyy/AgentGym,https://github.com/WooooDyy/AgentGym,MIT,2024-05-27 08:00:04,2024-12-16 15:25:23,2024-12-16 15:25:23,40,5.0,51.0,4.0,21.0,2.0,13.0,403,,,,Code and implementations for the paper AgentGym: Evolving Large Language Model-based Agents across Diverse..,,,10.0,10,True,others,3.0,,,,
99,FeatureSelectionGA,kaushalshetty/FeatureSelectionGA,https://github.com/kaushalshetty/FeatureSelectionGA,https://github.com/kaushalshetty/FeatureSelectionGA,MIT,2017-11-12 18:32:44,2023-02-21 22:56:56,2020-09-30 18:27:29,36,,90.0,9.0,45.0,4.0,5.0,368,,,,Feature Selection using Genetic Algorithm (DEAP Framework).,,,6.0,10,False,others,3.0,,,,
100,Odyssey,zju-vipa/Odyssey,https://github.com/zju-vipa/Odyssey,https://github.com/zju-vipa/Odyssey,MIT,2024-06-12 21:50:58,2025-03-06 06:31:28,2025-03-06 06:31:27,124,5.0,18.0,4.0,1.0,1.0,3.0,288,,,,Odyssey: Empowering Minecraft Agents with Open-World Skills.,,,5.0,10,True,others,3.0,,,,
101,metaheuristics,thieu1995/metaheuristics,https://github.com/thieu1995/metaheuristics,https://github.com/thieu1995/metaheuristics,Apache-2.0,2019-05-16 13:07:01,2022-12-06 05:08:10,2022-12-06 05:08:10,62,,80.0,14.0,3.0,4.0,4.0,283,,,,Implement the-state-of-the-art meta-heuristic algorithms using python (numpy).,,,4.0,10,False,others,3.0,,,,
102,Hands-On-Genetic-Algorithms-with-Python,PacktPublishing/Hands-On-Genetic-Algorithms-with-Python,https://github.com/PacktPublishing/Hands-On-Genetic-Algorithms-with-Python,https://github.com/PacktPublishing/Hands-On-Genetic-Algorithms-with-Python,MIT,2019-03-01 04:45:38,2023-01-30 10:14:05,2023-01-30 10:14:05,43,,141.0,15.0,4.0,1.0,4.0,270,,,,"Hands-On Genetic Algorithms with Python, Published by Packt.",,,5.0,10,False,others,3.0,,,,
103,sparse-evolutionary-artificial-neural-networks,dcmocanu/sparse-evolutionary-artificial-neural-networks,https://github.com/dcmocanu/sparse-evolutionary-artificial-neural-networks,https://github.com/dcmocanu/sparse-evolutionary-artificial-neural-networks,MIT,2018-03-02 21:47:05,2021-07-21 20:27:10,2021-07-21 20:27:10,26,,61.0,23.0,1.0,1.0,1.0,247,,,,Always sparse. Never dense. But never say never. A Sparse Training repository for the Adaptive Sparse Connectivity..,,,,10,False,others,3.0,,,,
104,biteopt,avaneev/biteopt,https://github.com/avaneev/biteopt,https://github.com/avaneev/biteopt,MIT,2016-07-13 17:18:21,2025-02-05 14:25:32,2025-02-05 14:25:31,410,1.0,9.0,14.0,,,5.0,150,,,,"Derivative-Free Global Optimization Algorithm (C++, Python binding) - Continuous, Discrete, TSP, NLS, MINLP.",,,,10,True,others,3.0,,,,
105,EC-A-Modern-Perspective,Evolutionary-Intelligence/EC-A-Modern-Perspective,https://github.com/Evolutionary-Intelligence/EvolutionaryComputation-A-Modern-Perspective-ECAMP,https://github.com/Evolutionary-Intelligence/EvolutionaryComputation-A-Modern-Perspective-ECAMP,CC0-1.0,2023-07-11 13:19:41,2025-02-15 15:20:36,2025-02-15 15:20:36,923,182.0,15.0,5.0,13.0,,2.0,51,,,,"Evolutionary Computation: A Modern Perspective |...| This is an online book, which is free-access and actively-updated..",,,7.0,10,False,others,3.0,,,,Evolutionary-Intelligence/EvolutionaryComputation-A-Modern-Perspective-ECAMP
106,easea,EASEA/easea,https://github.com/EASEA/easea,https://github.com/EASEA/easea,AGPL-3.0,2014-04-03 07:43:07,2023-10-26 12:21:28,2023-10-25 21:23:24,482,,11.0,2.0,33.0,11.0,35.0,18,2022-09-02 15:11:31,3.1.1,4.0,EASEA (EAsy Specification of Evolutionary Algorithms) is an Artificial Evolution platform developped by the SONIC..,,,38.0,10,False,others,3.0,,,,
107,hypersweeper,automl/hypersweeper,https://github.com/automl/hypersweeper,https://github.com/automl/hypersweeper,,2024-02-13 11:02:19,2025-02-26 12:17:48,2025-01-08 10:03:31,128,7.0,4.0,5.0,6.0,9.0,14.0,11,2024-12-20 15:49:12,0.2.2,4.0,"Hydra sweeper integration of our favorite optimization packages, utilizing ask-and-tell interfaces.",4.0,4.0,3.0,10,False,others,3.0,,,,
108,opof,opoframework/opof,https://github.com/opoframework/opof,https://github.com/opoframework/opof,BSD-3-Clause,2022-12-18 18:53:05,2023-07-14 19:30:28,2023-07-14 19:30:27,23,,3.0,,6.0,,,4,2023-05-20 19:35:45,0.3.1,3.0,The Open Planner Optimization Framework (OPOF).,10.0,10.0,,10,False,others,3.0,16.0,0.0,,
109,pba,arcelien/pba,https://github.com/arcelien/pba,https://github.com/arcelien/pba,Apache-2.0,2019-05-14 04:55:23,2019-10-27 16:50:25,2019-10-27 16:50:24,19,,84.0,20.0,8.0,11.0,19.0,505,,,,Efficient Learning of Augmentation Policy Schedules.,,,3.0,9,False,others,3.0,,,,
110,Machine-Mindset,PKU-YuanGroup/Machine-Mindset,https://github.com/PKU-YuanGroup/Machine-Mindset,https://github.com/PKU-YuanGroup/Machine-Mindset,Apache-2.0,2023-12-06 04:59:13,2024-02-02 02:53:05,2024-02-02 02:53:05,140,,23.0,7.0,2.0,,2.0,460,,,,An MBTI Exploration of Large Language Models.,,,4.0,9,False,others,3.0,,,,
111,self-organising-systems,google-research/self-organising-systems,https://github.com/google-research/self-organising-systems,https://github.com/google-research/self-organising-systems,Apache-2.0,2020-02-04 08:05:08,2025-03-04 10:27:38,2024-12-16 09:37:31,103,1.0,74.0,22.0,10.0,3.0,1.0,342,2024-02-07 10:57:46,biomaker-v1.0.0,1.0,,,,8.0,9,False,others,3.0,,,,
112,loss-landscape-anim,logancyang/loss-landscape-anim,https://github.com/logancyang/loss-landscape-anim,https://github.com/logancyang/loss-landscape-anim,MIT,2021-01-04 21:42:13,2024-01-30 05:58:57,2024-01-30 05:38:21,64,,24.0,3.0,4.0,3.0,,146,2024-01-30 05:58:57,0.1.10,2.0,Create animations for the optimization trajectory of neural nets.,2.0,2.0,2.0,9,False,others,3.0,32.0,0.0,,
113,GEFEST,aimclub/GEFEST,https://github.com/aimclub/GEFEST,https://github.com/aimclub/GEFEST,BSD-3-Clause,2021-11-03 14:39:42,2024-12-27 16:50:36,2024-12-27 16:50:36,41,1.0,9.0,4.0,61.0,8.0,10.0,58,2024-08-02 09:36:06,0.2.0,2.0,Toolbox for the generative design of geometrically-encoded physical objects using numerical modelling and evolutionary..,2.0,2.0,10.0,9,False,others,3.0,,,,
114,Bongard-LOGO,NVlabs/Bongard-LOGO,https://github.com/NVlabs/Bongard-LOGO,https://github.com/NVlabs/Bongard-LOGO,MIT,2020-08-19 01:46:43,2022-04-20 07:51:45,2022-03-06 07:28:32,18,,11.0,13.0,6.0,3.0,4.0,51,2020-10-02 22:16:10,0.0.1,1.0,Bongard-LOGO is a Python code repository with the purpose of generating synthetic Bongard problems on a large scale..,3.0,3.0,3.0,9,False,others,3.0,,,,
115,quality-diversity.github.io,quality-diversity/quality-diversity.github.io,https://github.com/quality-diversity/quality-diversity.github.io,https://github.com/quality-diversity/quality-diversity.github.io,,2019-11-02 11:50:55,2024-09-20 17:39:35,2024-09-20 17:39:35,333,,37.0,11.0,43.0,,4.0,43,,,,Website for Quality-Diversity optimisation algorithms.,,,30.0,9,False,others,3.0,,,,
116,SwarmRL,SwarmRL/SwarmRL,https://github.com/SwarmRL/SwarmRL,https://github.com/SwarmRL/SwarmRL,EPL-2.0,2023-03-08 15:15:17,2024-12-13 07:45:49,2024-12-13 07:45:49,668,1.0,9.0,,80.0,8.0,10.0,35,,,,Multi agent reinforcement learning for intelligent active matter.,,,26.0,9,False,others,3.0,,,-2.0,
117,swarmopt,SioKCronin/swarmopt,https://github.com/SioKCronin/swarmopt,https://github.com/SioKCronin/swarmopt,MIT,2018-03-09 00:52:47,2025-02-03 17:44:10,2025-02-03 17:44:10,372,2.0,11.0,7.0,5.0,5.0,4.0,34,,,,Swarm intelligence optimizer.,2.0,2.0,3.0,9,False,others,3.0,,,,
118,NiaAML-GUI,firefly-cpp/NiaAML-GUI,https://github.com/firefly-cpp/NiaAML-GUI,https://github.com/firefly-cpp/NiaAML-GUI,MIT,2020-12-02 18:01:21,2025-01-28 10:57:51,2025-01-28 10:57:47,94,7.0,5.0,2.0,19.0,,9.0,6,2024-08-21 11:08:45,0.3.2,9.0,GUI for NiaAML Python package.,2.0,2.0,6.0,9,False,others,3.0,,,,
119,awesome-neural-geometry,neurreps/awesome-neural-geometry,https://github.com/neurreps/awesome-neural-geometry,https://github.com/neurreps/awesome-neural-geometry,,2022-07-31 01:19:57,2025-02-18 18:26:50,2025-02-18 18:26:50,128,2.0,61.0,31.0,14.0,,1.0,955,,,,"A curated collection of resources and research related to the geometry of representations in the brain, deep networks,..",,,13.0,8,False,others,3.0,,,,
120,alphastar,google-deepmind/alphastar,https://github.com/google-deepmind/alphastar,https://github.com/google-deepmind/alphastar,Apache-2.0,2022-08-05 14:11:00,2022-09-08 18:15:53,2022-07-21 17:51:14,42,,61.0,11.0,1.0,5.0,1.0,457,,,,,,,5.0,8,False,others,3.0,,,,
121,differentiable-plasticity,uber-research/differentiable-plasticity,https://github.com/uber-research/differentiable-plasticity,https://github.com/uber-research/differentiable-plasticity,,2018-03-28 15:42:06,2019-10-23 17:26:39,2019-10-23 17:26:33,48,,70.0,27.0,,3.0,5.0,401,,,,Implementations of the algorithms described in Differentiable plasticity: training plastic networks with gradient..,,,2.0,8,False,others,3.0,,,,
122,OmniTokenizer,FoundationVision/OmniTokenizer,https://github.com/FoundationVision/OmniTokenizer,https://github.com/FoundationVision/OmniTokenizer,MIT,2024-06-13 15:08:47,2024-07-09 17:00:57,2024-07-09 17:00:51,15,,7.0,5.0,1.0,8.0,11.0,283,,,,[NeurIPS 2024]OmniTokenizer: one model and one weight for image-video joint tokenization.,,,3.0,8,False,others,3.0,,,,
123,EPG,openai/EPG,https://github.com/openai/EPG,https://github.com/openai/EPG,MIT,2018-02-23 00:54:49,2018-11-22 06:05:34,2018-11-22 06:05:33,3,,56.0,15.0,3.0,6.0,1.0,250,,,,Code for the paper Evolved Policy Gradients.,,,3.0,8,False,others,3.0,,,,
124,Awesome-Evolutionary-Reinforcement-Learning,yeshenpy/Awesome-Evolutionary-Reinforcement-Learning,https://github.com/yeshenpy/Awesome-Evolutionary-Reinforcement-Learning,https://github.com/yeshenpy/Awesome-Evolutionary-Reinforcement-Learning,,2023-05-25 16:31:42,2024-08-18 13:09:31,2024-08-18 13:09:30,101,,26.0,6.0,3.0,4.0,,246,,,,Research Papers and Code Repository on the Integration of Evolutionary Algorithms and Reinforcement Learning.,,,3.0,8,False,others,3.0,,,,
125,NSGA-II,baopng/NSGA-II,https://github.com/baopng/NSGA-II,https://github.com/baopng/NSGA-II,,2018-05-01 10:18:39,2024-07-11 02:38:49,2024-07-11 02:38:49,13,,51.0,5.0,2.0,,8.0,206,,,,Implementation of NSGA-II algorithm in form of a python library.,6.0,6.0,4.0,8,False,others,3.0,,,,
126,LLM4Opt,FeiLiu36/LLM4Opt,https://github.com/FeiLiu36/LLM4Opt,https://github.com/FeiLiu36/LLM4Opt,,2024-03-13 06:12:27,2024-10-31 05:57:09,2024-10-31 05:57:09,110,,24.0,5.0,5.0,,5.0,206,,,,A Collection on Large Language Models for Optimization.,,,5.0,8,False,others,3.0,,,,
127,fractal,Sohl-Dickstein/fractal,https://github.com/Sohl-Dickstein/fractal,https://github.com/Sohl-Dickstein/fractal,MIT,2024-02-09 04:25:12,2024-02-12 17:45:05,2024-02-12 17:45:05,18,,25.0,3.0,,1.0,1.0,195,,,,The boundary of neural network trainability is fractal.,,,,8,False,others,3.0,,,,
128,minimax,facebookresearch/minimax,https://github.com/facebookresearch/minimax,https://github.com/facebookresearch/minimax,Apache-2.0,2023-10-28 12:12:01,2024-08-24 17:24:37,2024-08-24 17:24:36,6,,17.0,6.0,6.0,3.0,2.0,181,2023-11-22 03:40:55,0.1.0,1.0,Efficient baselines for autocurricula in JAX.,2.0,2.0,3.0,8,False,others,3.0,,,,
129,DeepACO,henry-yeh/DeepACO,https://github.com/henry-yeh/DeepACO,https://github.com/henry-yeh/DeepACO,MIT,2023-02-06 05:59:47,2024-09-29 13:25:54,2024-09-29 13:25:54,120,,21.0,4.0,1.0,,3.0,144,,,,[NeurIPS 2023] DeepACO: Neural-enhanced Ant Systems for Combinatorial Optimization.,,,2.0,8,False,others,3.0,,,,
130,EoH,FeiLiu36/EoH,https://github.com/FeiLiu36/EoH,https://github.com/FeiLiu36/EoH,MIT,2024-03-28 03:25:22,2025-02-17 09:35:59,2025-02-17 09:35:59,87,1.0,15.0,4.0,2.0,1.0,12.0,126,,,,Evolution of Heuristics.,,,4.0,8,False,others,3.0,,,,
131,evoxbench,EMI-Group/evoxbench,https://github.com/EMI-Group/evoxbench,https://github.com/EMI-Group/evoxbench,GPL-3.0,2022-08-10 07:40:11,2025-02-28 03:10:48,2025-02-28 03:10:47,109,1.0,16.0,5.0,6.0,,7.0,112,,,,Transforming Neural Architecture Search (NAS) into multi-objective optimization problems. A benchmark suite for..,9.0,9.0,7.0,8,False,others,3.0,,,,
132,GeneticAlgorithmForFeatureSelection,renatoosousa/GeneticAlgorithmForFeatureSelection,https://github.com/renatoosousa/GeneticAlgorithmForFeatureSelection,https://github.com/renatoosousa/GeneticAlgorithmForFeatureSelection,MIT,2018-05-17 02:16:56,2020-05-26 18:32:37,2018-05-24 15:53:19,15,,30.0,3.0,2.0,3.0,3.0,111,,,,Search the best feature subset for you classification mode.,,,,8,False,others,3.0,,,,
133,Pearl,09tangriro/Pearl,https://github.com/0xprofessooor/Pearl,https://github.com/0xprofessooor/Pearl,MIT,2021-09-08 12:44:21,2022-05-09 12:55:24,2022-05-09 12:54:45,609,,1.0,2.0,7.0,4.0,,56,2022-05-09 12:55:24,0.4.1,8.0,Adaptable tools to make reinforcement learning and evolutionary computation algorithms.,2.0,2.0,2.0,8,False,others,3.0,,,,0xprofessooor/Pearl
134,controllable-ncas,shyamsn97/controllable-ncas,https://github.com/shyamsn97/controllable-ncas,https://github.com/shyamsn97/controllable-ncas,MIT,2022-02-08 22:17:11,2022-05-31 03:57:53,2022-05-31 03:57:46,30,,5.0,5.0,1.0,1.0,,55,,,,Code for Goal-Guided Neural Cellular Automata: Learning to Control Self-Organising Systems.,,,,8,False,others,3.0,,,,
135,ngc-museum,NACLab/ngc-museum,https://github.com/NACLab/ngc-museum,https://github.com/NACLab/ngc-museum,BSD-3-Clause,2024-03-30 05:03:52,2025-03-02 16:38:12,2025-03-02 16:38:12,142,13.0,4.0,2.0,13.0,,,12,,,,NGC Museum: Biomimetic Credit Assignment and Brain-Inspired Computing with NGC-Learn.,,,5.0,8,False,others,3.0,,,,
136,automated-interpretability,openai/automated-interpretability,https://github.com/openai/automated-interpretability,https://github.com/openai/automated-interpretability,,2023-05-08 21:24:11,2024-03-06 18:40:46,2024-03-06 18:40:46,27,,108.0,16.0,18.0,9.0,11.0,997,,,,,,,9.0,7,False,others,3.0,,,,
137,multiagent-competition,openai/multiagent-competition,https://github.com/openai/multiagent-competition,https://github.com/openai/multiagent-competition,,2017-10-11 15:29:00,2023-04-02 11:57:48,2018-11-22 06:05:35,4,,146.0,47.0,3.0,11.0,2.0,807,,,,Code for the paper Emergent Complexity via Multi-agent Competition.,,,3.0,7,False,others,3.0,,,,
138,eai-vc,facebookresearch/eai-vc,https://github.com/facebookresearch/eai-vc,https://github.com/facebookresearch/eai-vc,,2023-03-21 17:23:57,2024-05-01 05:50:12,2023-07-19 23:45:59,17,,39.0,20.0,8.0,10.0,9.0,476,,,,The repository for the largest and most comprehensive empirical study of visual foundation models for Embodied AI (EAI).,,,6.0,7,False,others,3.0,,,,
139,algforopt-notebooks,algorithmsbooks/algforopt-notebooks,https://github.com/algorithmsbooks/algforopt-notebooks,https://github.com/algorithmsbooks/algforopt-notebooks,,2019-01-10 02:01:44,2022-04-10 19:21:37,2022-04-10 19:21:34,16,,118.0,28.0,,,12.0,446,,,,Jupyter notebooks associated with the Algorithms for Optimization textbook.,,,2.0,7,False,others,3.0,,,,
140,awesome-open-ended,jennyzzt/awesome-open-ended,https://github.com/jennyzzt/awesome-open-ended,https://github.com/jennyzzt/awesome-open-ended,,2023-06-09 20:08:34,2024-09-30 14:58:58,2024-09-30 14:58:58,51,,19.0,14.0,18.0,,,205,,,,Awesome Open-ended AI.,,,14.0,7,False,others,3.0,,,,
141,cellularAutomata,bollu/cellularAutomata,https://github.com/bollu/cellularAutomata,https://github.com/bollu/cellularAutomata,BSD-3-Clause,2016-02-11 14:06:20,2019-05-28 10:41:53,2019-05-28 10:41:52,43,,12.0,12.0,1.0,1.0,1.0,187,,,,a collection of cellular automata written in Haskell with Diagrams.,,,2.0,7,False,others,3.0,,,,
142,ELM,OpenDriveLab/ELM,https://github.com/OpenDriveLab/ELM,https://github.com/OpenDriveLab/ELM,,2024-02-22 21:50:05,2025-01-02 11:57:24,2025-01-02 11:57:19,55,2.0,14.0,12.0,1.0,,19.0,180,,,,[ECCV 2024] Embodied Understanding of Driving Scenarios.,,,6.0,7,False,others,3.0,,,,
143,evogym-design-tool,EvolutionGym/evogym-design-tool,https://github.com/EvolutionGym/evogym-design-tool,https://github.com/EvolutionGym/evogym-design-tool,MIT,2021-09-09 03:04:08,2023-06-02 23:19:40,2022-01-30 19:07:24,26,,11.0,9.0,2.0,4.0,2.0,100,,,,Design tool for creating Evolution Gym environments.,,,3.0,7,False,others,3.0,,,,
144,Pruner-Zero,pprp/Pruner-Zero,https://github.com/pprp/Pruner-Zero,https://github.com/pprp/Pruner-Zero,MIT,2024-05-28 08:47:09,2024-11-25 09:45:43,2024-11-25 09:45:43,11,,6.0,4.0,,1.0,5.0,79,,,,Pruner-Zero: Evolving Symbolic Pruning Metric from scratch for LLMs.,,,,7,False,others,3.0,,,,
145,qbso-fs,amineremache/qbso-fs,https://github.com/amineremache/qbso-fs,https://github.com/amineremache/qbso-fs,MIT,2018-11-07 20:35:45,2020-03-30 09:47:03,2020-03-30 09:46:50,58,,17.0,5.0,,1.0,2.0,58,,,,Python implementation of QBSO-FS : a Reinforcement Learning based Bee Swarm Optimization metaheuristic for Feature..,,,,7,False,others,3.0,,,,
146,intelligent-go-explore,conglu1997/intelligent-go-explore,https://github.com/conglu1997/intelligent-go-explore,https://github.com/conglu1997/intelligent-go-explore,MIT,2024-05-27 09:25:20,2025-02-25 19:11:36,2025-02-25 19:11:36,7,3.0,4.0,4.0,,1.0,,53,,,,Intelligent Go-Explore: Standing on the Shoulders of Giant Foundation Models.,,,2.0,7,False,others,3.0,,,,
147,evolvingrl,jcoreyes/evolvingrl,https://github.com/jcoreyes/evolvingrl,https://github.com/jcoreyes/evolvingrl,MIT,2021-03-15 19:14:28,2021-03-15 19:20:02,2021-03-15 19:20:02,5,,6.0,4.0,,1.0,,46,,,,Supplementary Data for Evolving Reinforcement Learning Algorithms.,,,,7,False,others,3.0,,,,
148,neuroevobench,neuroevobench/neuroevobench,https://github.com/neuroevobench/neuroevobench,https://github.com/neuroevobench/neuroevobench,Apache-2.0,2022-03-02 18:07:45,2023-11-05 00:43:18,2023-11-05 00:43:14,70,,1.0,3.0,,,,38,2023-06-12 14:37:12,.0.0.1,1.0,Neuroevolution Benchmark in JAX.,2.0,2.0,,7,False,others,3.0,,,,
149,project-origin,kourgeorge/project-origin,https://github.com/kourgeorge/project-origin,https://github.com/kourgeorge/project-origin,BSD-2-Clause,2018-07-19 17:30:04,2022-10-10 09:18:11,2021-11-04 09:12:36,201,,4.0,6.0,1.0,4.0,2.0,33,,,1.0,An Artificial Life simulator for Investigating Noogenesis.,,,2.0,7,False,others,3.0,,,,
150,agenthive,facebookresearch/agenthive,https://github.com/facebookresearch/agenthive,https://github.com/facebookresearch/agenthive,,2022-12-20 10:00:42,2024-01-12 08:24:27,2023-11-24 22:26:48,197,,4.0,14.0,13.0,9.0,4.0,33,,,,AgentHive provides the primitives and helpers for a seamless usage of robohive within TorchRL.,,,7.0,7,False,others,3.0,,,,
151,Data_Driven_Symbolic_Regression,sayin/Data_Driven_Symbolic_Regression,https://github.com/sayin/Data_Driven_Symbolic_Regression,https://github.com/sayin/Data_Driven_Symbolic_Regression,GPL-3.0,2019-12-12 16:48:58,2021-02-10 17:45:09,2021-02-10 17:45:08,52,,14.0,4.0,,2.0,,33,,,,Interpretable machine learning (symbolic regression) using Genetic programming/Gene expression programming and Sparse..,,,,7,False,others,3.0,,,,
152,innovation-engine,Evolving-AI-Lab/innovation-engine,https://github.com/Evolving-AI-Lab/innovation-engine,https://github.com/Evolving-AI-Lab/innovation-engine,MIT,2015-09-16 05:27:02,2017-07-30 06:44:20,2017-07-30 06:44:19,15,,8.0,6.0,,1.0,,31,,,,Code base for Innovation Engines GECCO 2015 paper.,,,,7,False,others,3.0,,,,
153,PAPA,SamsungSAILMontreal/PAPA,https://github.com/SamsungSAILMontreal/PAPA,https://github.com/SamsungSAILMontreal/PAPA,MIT,2023-04-06 13:47:22,2024-04-11 16:57:48,2024-04-11 16:57:48,17,,3.0,3.0,,,,26,,,,Repository for the PopulAtion Parameter Averaging (PAPA) paper.,,,,7,False,others,3.0,,,,
154,lwm,princeton-nlp/lwm,https://github.com/princeton-nlp/lwm,https://github.com/princeton-nlp/lwm,GPL-3.0,2024-01-17 21:48:17,2024-02-10 02:53:57,2024-02-10 02:53:57,27,,3.0,8.0,,4.0,,22,,,,We develop world models that can be adapted with natural language. Intergrating these models into artificial agents..,,,7.0,7,False,others,3.0,,,,
155,ai-car-preference-learning,llama887/ai-car-preference-learning,https://github.com/llama887/ai-car-preference-learning,https://github.com/llama887/ai-car-preference-learning,,2024-05-20 19:02:16,2025-02-28 22:23:04,2025-02-28 22:22:50,323,129.0,,1.0,5.0,,,5,,,,"A simple self-driving AI car game, which uses NEAT augmented for preference learning research.",,,3.0,7,False,others,3.0,,,,
156,platonic-rep,minyoungg/platonic-rep,https://github.com/minyoungg/platonic-rep,https://github.com/minyoungg/platonic-rep,,2024-05-11 23:54:18,2024-07-29 20:50:40,2024-07-29 20:50:27,32,,34.0,12.0,,8.0,2.0,504,,,,,,,3.0,6,False,others,3.0,,,,
157,brainmagick,facebookresearch/brainmagick,https://github.com/facebookresearch/brainmagick,https://github.com/facebookresearch/brainmagick,,2023-06-19 13:27:30,2024-03-12 17:49:40,2024-03-12 17:49:40,6,,62.0,16.0,3.0,,4.0,426,,,,Training and evaluation pipeline for MEG and EEG brain signal encoding and decoding using deep learning. Code for our..,,,2.0,6,False,others,3.0,,,,
158,ai-car-simulation,NeuralNine/ai-car-simulation,https://github.com/NeuralNine/ai-car-simulation,https://github.com/NeuralNine/ai-car-simulation,,2021-02-02 19:33:04,2024-06-03 20:39:10,2021-02-18 10:37:38,4,,147.0,4.0,3.0,10.0,1.0,279,,,,"A simple self-driving AI car game, which uses NEAT.",,,,6,False,others,3.0,,,,
159,Evolutionary-Reinforcement-Learning,ShawK91/Evolutionary-Reinforcement-Learning,https://github.com/ShawK91/Evolutionary-Reinforcement-Learning,https://github.com/ShawK91/Evolutionary-Reinforcement-Learning,,2018-10-19 23:38:05,2020-09-13 22:26:13,2020-09-13 22:25:50,14,,58.0,6.0,,4.0,1.0,225,,,,Codebase for Evolutionary Reinforcement Learning (ERL) from the paper Evolution-Guided Policy Gradients in..,,,,6,False,others,3.0,,,,
160,ReConcile,dinobby/ReConcile,https://github.com/dinobby/ReConcile,https://github.com/dinobby/ReConcile,MIT,2023-09-24 22:21:37,2023-10-03 15:09:54,2023-09-26 03:15:36,5,,13.0,3.0,2.0,2.0,1.0,179,,,,,,,,6,False,others,3.0,,,,
161,evoagent,siyuyuan/evoagent,https://github.com/siyuyuan/evoagent,https://github.com/siyuyuan/evoagent,,2024-05-15 07:06:18,2024-10-19 02:26:58,2024-10-19 02:26:28,30,,10.0,5.0,,,3.0,84,,,,Resources for our paper: EvoAgent: Towards Automatic Multi-Agent Generation via Evolutionary Algorithms.,,,,6,False,others,3.0,,,,
162,Python_Benchmark_Test_Optimization_Function_Single_Objective,AxelThevenot/Python_Benchmark_Test_Optimization_Function_Single_Objective,https://github.com/AxelThevenot/Python_Benchmark_Test_Optimization_Function_Single_Objective,https://github.com/AxelThevenot/Python_Benchmark_Test_Optimization_Function_Single_Objective,MIT,2020-12-31 14:10:42,2023-01-20 21:30:19,2023-01-20 21:30:19,16,,30.0,2.0,2.0,10.0,,83,,,,,,,3.0,6,False,others,3.0,,,,
163,how-to-autorl,facebookresearch/how-to-autorl,https://github.com/facebookresearch/how-to-autorl,https://github.com/facebookresearch/how-to-autorl,Apache-2.0,2023-02-07 10:21:08,2023-11-27 09:24:01,2023-09-14 19:49:04,14,,12.0,2.0,19.0,4.0,,74,,,,Plug-and-play hydra sweepers for the EA-based multifidelity method DEHB and several population-based training..,,,4.0,6,False,others,3.0,,,,
164,poppy,instadeepai/poppy,https://github.com/instadeepai/poppy,https://github.com/instadeepai/poppy,Apache-2.0,2022-09-29 11:55:46,2024-02-12 18:36:36,2024-02-12 17:42:13,1,,13.0,7.0,,,,71,,,,Population-Based Reinforcement Learning for Combinatorial Optimization.,,,,6,False,others,3.0,,,,
165,model-evolution,duguodong7/model-evolution,https://github.com/duguodong7/model-evolution,https://github.com/duguodong7/model-evolution,Apache-2.0,2024-06-04 03:20:41,2024-09-19 12:34:15,2024-09-19 12:34:15,9,,,,,,,37,,,,[ACL 2024] Knowledge Fusion by Evolving Weights of Language Models.,,,,6,False,others,3.0,,,,
166,EvoSOPS,DaymudeLab/EvoSOPS,https://github.com/DaymudeLab/EvoSOPS,https://github.com/DaymudeLab/EvoSOPS,MIT,2022-10-22 02:45:49,2025-02-27 18:53:35,2024-06-05 11:36:16,52,,,2.0,9.0,2.0,5.0,7,,,,A genetic algorithm for discovering diverse and high performing distributed algorithms for collective behavior in..,,,,6,False,others,3.0,,,,
167,poprank,poprl/poprank,https://github.com/poprl/poprank,https://github.com/poprl/poprank,MIT,2023-03-24 17:22:12,2025-01-15 21:05:32,2025-01-15 21:05:32,202,1.0,1.0,2.0,17.0,1.0,,5,,,1.0,PopRank is a library implementing the most common ranking and rating methods.,,,4.0,6,False,others,3.0,,,,
168,Biological-Evolution,Evolutionary-Intelligence/Biological-Evolution,https://github.com/Evolutionary-Intelligence/Biological-Evolution,https://github.com/Evolutionary-Intelligence/Biological-Evolution,CC0-1.0,2024-02-20 09:18:10,2024-10-24 11:08:24,2024-10-24 11:08:24,165,,1.0,3.0,,,,4,,,,Just for Fun on Evolution...,,,,6,False,others,3.0,,,,
169,HebbianMetaLearning,enajx/HebbianMetaLearning,https://github.com/enajx/HebbianMetaLearning,https://github.com/enajx/HebbianMetaLearning,,2020-06-13 10:00:21,2021-07-28 17:53:31,2021-07-28 17:53:31,19,,24.0,1.0,,,7.0,135,,,,Meta-Learning through Hebbian Plasticity in Random Networks: https://arxiv.org/abs/2007.02686.,,,,5,False,others,3.0,,,,
170,Evocraft-py,real-itu/Evocraft-py,https://github.com/real-itu/Evocraft-py,https://github.com/real-itu/Evocraft-py,,2020-12-04 12:33:37,2022-07-08 09:02:56,2022-07-08 09:02:56,17,,16.0,8.0,2.0,2.0,4.0,124,,,,A Python interface for Minecraft built on gRPC.,,,4.0,5,False,others,3.0,,,,
171,population-based-training,angusfung/population-based-training,https://github.com/angusfung/population-based-training,https://github.com/angusfung/population-based-training,,2018-03-20 02:34:02,2018-09-21 01:09:20,2018-09-21 01:09:19,83,,8.0,2.0,,2.0,,56,,,,Reproducing results from DeepMinds paper on Population Based Training of Neural Networks.,,,,5,False,others,3.0,,,,
172,PHUDGE,deshwalmahesh/PHUDGE,https://github.com/deshwalmahesh/PHUDGE,https://github.com/deshwalmahesh/PHUDGE,,2024-05-11 08:23:56,2024-07-10 19:26:39,2024-07-10 19:26:39,30,,7.0,1.0,,1.0,,49,,,,"Official repo for the paper PHUDGE: Phi-3 as Scalable Judge. Evaluate your LLMs with or without custom rubric,..",,,,5,False,others,3.0,,,,
173,esac,karush17/esac,https://github.com/karush17/esac,https://github.com/karush17/esac,MIT,2020-03-19 04:50:48,2024-07-25 10:59:00,2023-10-20 17:07:14,1,,5.0,10.0,2.0,1.0,6.0,41,2020-06-29 03:04:28,1,1.0,Evolution-based Soft Actor-Critic (ESAC).,,,,5,False,others,3.0,9.0,0.0,,
174,choreographer,mazpie/choreographer,https://github.com/mazpie/choreographer,https://github.com/mazpie/choreographer,MIT,2023-02-22 00:15:22,2024-06-18 13:42:28,2024-06-18 13:42:28,2,,5.0,1.0,,1.0,,40,,,,"[ICLR 2023] Choreographer: a model-based agent that discovers and learns unsupervised skills in latent imagination,..",,,,5,False,others,3.0,,,,
175,curiousreplay,AutonomousAgentsLab/curiousreplay,https://github.com/AutonomousAgentsLab/curiousreplay,https://github.com/AutonomousAgentsLab/curiousreplay,MIT,2023-05-04 23:08:34,2023-07-05 15:06:05,2023-07-05 15:06:05,7,,1.0,5.0,,,1.0,38,,,,Implementations of Curious Replay for model-based adaptation.,,,,5,False,others,3.0,,,,
176,mastering-urlb,mazpie/mastering-urlb,https://github.com/mazpie/mastering-urlb,https://github.com/mazpie/mastering-urlb,MIT,2023-07-11 08:58:00,2024-02-27 22:29:49,2024-02-27 22:29:49,6,,5.0,1.0,1.0,,3.0,37,,,,"[ICML 2023] Pre-train world model-based agents with different unsupervised strategies, fine-tune the agents components..",,,2.0,5,False,others,3.0,,,,
177,emergent_communication_at_scale,google-deepmind/emergent_communication_at_scale,https://github.com/google-deepmind/emergent_communication_at_scale,https://github.com/google-deepmind/emergent_communication_at_scale,Apache-2.0,2022-03-14 10:48:31,2024-07-30 21:41:17,2022-03-28 08:06:25,3,,7.0,4.0,1.0,3.0,1.0,36,,,,,,,,5,False,others,3.0,,,,
178,HarmonyDream,thuml/HarmonyDream,https://github.com/thuml/HarmonyDream,https://github.com/thuml/HarmonyDream,MIT,2024-06-04 02:45:20,2024-06-27 05:30:00,2024-06-27 05:30:00,5,,1.0,5.0,,,,32,,,,"Code release for HarmonyDream: Task Harmonization Inside World Models (ICML 2024), https://arxiv.org/abs/2310.00344.",,,2.0,5,False,others,3.0,,,,
179,james,hdbeukel/james,https://github.com/hdbeukel/james,https://github.com/hdbeukel/james,,2014-01-20 14:34:15,2022-07-07 19:32:12,2016-08-16 09:29:57,865,,5.0,10.0,1.0,1.0,1.0,30,2016-08-16 08:11:29,1.2,5.0,A JAva MEtaheuristics Search framework.,,,2.0,5,False,others,3.0,129.0,1.0,,
180,CMA-ES_with_Margin,EvoConJP/CMA-ES_with_Margin,https://github.com/EvoConJP/CMA-ES_with_Margin,https://github.com/EvoConJP/CMA-ES_with_Margin,MIT,2022-04-21 05:05:13,2024-03-20 05:43:12,2023-06-09 18:17:56,17,,1.0,3.0,1.0,,,29,,,,(GECCO 2022) CMA-ES with Margin: Lower-Bounding Marginal Probability for Mixed-Integer Black-Box Optimization.,,,2.0,5,False,others,3.0,,,,
181,groove,EmptyJackson/groove,https://github.com/EmptyJackson/groove,https://github.com/EmptyJackson/groove,Apache-2.0,2023-10-04 12:03:10,2024-06-28 10:30:00,2024-06-28 10:29:58,20,,5.0,3.0,1.0,,1.0,25,,,,Official implementation of the NeurIPS 2023 paper Discovering General Reinforcement Learning Algorithms with..,,,2.0,5,False,others,3.0,,,,
182,MacGyver,allenai/MacGyver,https://github.com/allenai/MacGyver,https://github.com/allenai/MacGyver,Apache-2.0,2024-03-13 23:24:10,2024-03-26 21:16:22,2024-03-26 21:16:19,14,,6.0,2.0,,2.0,,25,,,,Code and Data for the NAACL 24 paper: MacGyver: Are Large Language Models Creative Problem Solvers?.,,,2.0,5,False,others,3.0,,,,
183,dpop7,Evolutionary-Intelligence/dpop7,https://github.com/Evolutionary-Intelligence/dpop7,https://github.com/Evolutionary-Intelligence/dpop7,GPL-3.0,2023-08-03 00:21:03,2024-02-23 12:50:28,2024-02-23 12:50:28,206,,,2.0,,,,19,,,,A ray-based library of Distributed POPulation-based OPtimization for Large-Scale Black-Box Optimization.,,,,5,False,others,3.0,,,,
184,PCGNN,Michael-Beukman/PCGNN,https://github.com/Michael-Beukman/PCGNN,https://github.com/Michael-Beukman/PCGNN,MIT,2021-10-17 06:44:28,2022-10-04 11:25:15,2022-10-04 11:25:15,43,,1.0,1.0,,,,15,,,,Combining NEAT and novelty search to quickly generate diverse video game levels (GECCO 2022)...,,,,5,False,others,3.0,,,,
185,synthpop,joelnmdyer/synthpop,https://github.com/joelnmdyer/synthpop,https://github.com/joelnmdyer/synthpop,MIT,2023-08-08 10:37:50,2025-01-16 13:09:24,2024-02-07 10:33:36,37,,1.0,1.0,1.0,1.0,1.0,8,2024-02-07 10:16:13,1.0.0,1.0,Populating agent-based models with agents who give rise to dynamics and scenarios of interest.,,,2.0,5,False,others,3.0,,,,
186,DenseFusion,baaivision/DenseFusion,https://github.com/baaivision/DenseFusion,https://github.com/baaivision/DenseFusion,,2024-07-05 04:12:23,2024-12-06 02:37:46,2024-12-06 02:37:46,9,,1.0,5.0,,1.0,4.0,134,,,,DenseFusion-1M: Merging Vision Experts for Comprehensive Multimodal Perception.,,,3.0,4,False,others,3.0,,,,
187,EvoPrompt,beeevita/EvoPrompt,https://github.com/beeevita/EvoPrompt,https://github.com/beeevita/EvoPrompt,,2023-10-11 04:08:41,2024-05-29 03:59:28,2024-05-29 03:59:28,20,,19.0,1.0,,1.0,10.0,128,,,,Official implementation of the paper Connecting Large Language Models with Evolutionary Algorithms Yields Powerful..,,,,4,False,others,3.0,,,,
188,ENVISIONS,xufangzhi/ENVISIONS,https://github.com/xufangzhi/ENVISIONS,https://github.com/xufangzhi/ENVISIONS,,2024-04-28 06:05:22,2024-07-23 07:00:00,2024-07-23 07:00:00,58,,3.0,2.0,1.0,,4.0,102,,,,[Preprint] A Neural-Symbolic Self-Training Framework.,,,2.0,4,False,others,3.0,,,,
189,generative-ui-playbook,gordonbrander/generative-ui-playbook,https://github.com/gordonbrander/generative-ui-playbook,https://github.com/gordonbrander/generative-ui-playbook,CC-BY-4.0,2024-04-24 14:09:23,2024-05-21 14:54:44,2024-05-21 14:54:43,32,,2.0,5.0,1.0,,,73,,,,,,,2.0,4,False,others,3.0,,,,
190,Primordia,Chakazul/Primordia,https://github.com/Chakazul/Primordia,https://github.com/Chakazul/Primordia,,2018-11-29 02:24:50,2018-12-27 10:00:32,2018-12-27 10:00:31,5,,6.0,1.0,,,,30,,,,Conways Game of Life with multiple states. A precursor of Lenia.,,,,4,False,others,3.0,,,,
191,MAZero,liuqh16/MAZero,https://github.com/liuqh16/MAZero,https://github.com/liuqh16/MAZero,GPL-3.0,2024-03-15 04:39:04,2024-05-08 21:14:53,2024-05-08 21:14:21,2,,2.0,3.0,,3.0,,26,,,,"Open-source codebase for MAZero, from Efficient Multi-agent Reinforcement Learning by Planning at ICLR 2024.",,,,4,False,others,3.0,,,,
192,Leniabreeder,maxencefaldor/Leniabreeder,https://github.com/maxencefaldor/Leniabreeder,https://github.com/maxencefaldor/Leniabreeder,MIT,2024-05-31 08:55:32,2024-07-13 23:09:18,2024-07-13 23:08:25,11,,2.0,1.0,,,,19,,,,Repository for Toward Artificial Open-Ended Evolution within Lenia using Quality-Diversity (ALIFE 2024).,,,,4,False,others,3.0,,,,
193,QDAC,adaptive-intelligent-robotics/QDAC,https://github.com/adaptive-intelligent-robotics/QDAC,https://github.com/adaptive-intelligent-robotics/QDAC,MIT,2024-05-21 04:50:10,2024-06-16 13:10:39,2024-06-16 13:10:32,3,,1.0,2.0,,,,13,,,,Repository for Quality-Diversity Actor-Critic: Learning High-Performing and Diverse Behaviors via Value and Successor..,,,,4,False,others,3.0,,,,
194,cmoea,Evolving-AI-Lab/cmoea,https://github.com/Evolving-AI-Lab/cmoea,https://github.com/Evolving-AI-Lab/cmoea,MIT,2018-07-10 01:58:03,2018-07-11 02:18:54,2018-07-11 02:18:54,7,,,4.0,,,,7,,,,The source code of the CMOEA module.,,,2.0,4,False,others,3.0,,,,
195,aevo,atomisticnet/aevo,https://github.com/atomisticnet/aevo,https://github.com/atomisticnet/aevo,MPL-2.0,2020-05-30 01:56:32,2020-05-30 23:27:17,2020-05-30 23:27:09,17,,2.0,3.0,1.0,,,7,,,,Atomistic Evolution.,,,2.0,4,False,others,3.0,,,,
196,Genetic_Algorithm,AxelThevenot/Genetic_Algorithm,https://github.com/AxelThevenot/Genetic_Algorithm,https://github.com/AxelThevenot/Genetic_Algorithm,MIT,2019-03-06 18:01:09,2019-03-20 15:26:34,2019-03-20 15:26:33,32,,1.0,2.0,,,,5,,,,,,,,4,False,others,3.0,,,,
197,alife_social,ALife-Newsletter/alife_social,https://github.com/ALife-Newsletter/alife_social,https://github.com/ALife-Newsletter/alife_social,,2024-06-10 00:59:38,2024-10-11 06:21:37,2024-10-11 06:21:36,68,,4.0,1.0,5.0,1.0,,4,,,,Places where to find fellow alifers.,,,9.0,4,False,others,3.0,,,,
198,awesome-genetic-programming,hengzhe-zhang/awesome-genetic-programming,https://github.com/hengzhe-zhang/awesome-genetic-programming,https://github.com/hengzhe-zhang/awesome-genetic-programming,,2022-05-24 11:03:08,2024-12-12 01:06:17,2024-12-12 01:06:14,13,1.0,6.0,2.0,,,4.0,54,,,,A curated list of resources for genetic programming.,,,,3,False,others,3.0,,,-2.0,
199,bgpbt,xingchenwan/bgpbt,https://github.com/xingchenwan/bgpbt,https://github.com/xingchenwan/bgpbt,,2022-06-22 00:24:34,2022-09-16 10:31:57,2022-09-16 10:30:58,13,,5.0,1.0,,1.0,,27,,,,[AutoML22] Bayesian Generational Population-based Training (BG-PBT).,,,2.0,3,False,others,3.0,,,,
200,Evolved-Model-Agnostic-Loss,Decadz/Evolved-Model-Agnostic-Loss,https://github.com/Decadz/Evolved-Model-Agnostic-Loss,https://github.com/Decadz/Evolved-Model-Agnostic-Loss,MIT,2022-07-19 03:31:48,2024-08-05 02:38:05,2024-08-05 02:38:05,18,,,1.0,,,1.0,11,,,,PyTorch code for the EvoMAL algorithm presented in Learning Symbolic Model-Agnostic Loss Functions via Meta-Learning..,,,,3,False,others,3.0,,,,
201,ES,enajx/ES,https://github.com/enajx/ES,https://github.com/enajx/ES,,2020-09-18 15:07:32,2021-01-10 16:04:41,2021-01-10 16:04:36,21,,2.0,1.0,,,,6,,,,Evolution Strategy (ES) implementation of https://arxiv.org/abs/1703.03864.,,,,3,False,others,3.0,,,,
202,hebo_on_bbob,dimitri-rusin/hebo_on_bbob,https://github.com/dimitri-rusin/hebo_on_bbob,https://github.com/dimitri-rusin/hebo_on_bbob,,2023-11-16 14:54:04,2023-11-20 15:39:40,2023-11-15 15:54:46,179,,,1.0,,,,6,,,,,,,18.0,3,False,others,3.0,,,,
203,Bio-ANN,NeurAI-Lab/Bio-ANN,https://github.com/NeurAI-Lab/Bio-ANN,https://github.com/NeurAI-Lab/Bio-ANN,MIT,2023-04-13 14:39:52,2023-10-11 14:06:17,2023-10-11 14:06:17,6,,,2.0,,,,5,,,,The official repository for TMLR paper A Study of Biologically Plausible Neural Network: The Role and Interactions of..,,,2.0,3,False,others,3.0,,,,
204,Evaluate-n-Model-Social-Intelligence,bigai-ai/Evaluate-n-Model-Social-Intelligence,https://github.com/bigai-ai/Evaluate-n-Model-Social-Intelligence,https://github.com/bigai-ai/Evaluate-n-Model-Social-Intelligence,MIT,2024-05-20 07:44:54,2024-05-20 08:02:35,2024-05-20 07:48:05,1,,2.0,7.0,,,,5,,,,,,,,3,False,others,3.0,,,,
205,HyperNCA,enajx/HyperNCA,https://github.com/enajx/HyperNCA,https://github.com/enajx/HyperNCA,,2022-02-24 17:51:39,2022-04-27 16:43:41,2022-04-27 16:43:41,10,,1.0,1.0,,,,37,,,,,,,,2,False,others,3.0,,,,
206,lux-open,hanmochen/lux-open,https://github.com/hanmochen/lux-open,https://github.com/hanmochen/lux-open,,2022-10-31 07:52:37,2023-01-09 13:22:13,2023-01-09 13:21:48,2,,6.0,1.0,,,,26,,,,Emergent collective intelligence from massive-agent cooperation and competition.,,,2.0,2,False,others,3.0,,,,
207,ControllingBehavioralDiversity,proroklab/ControllingBehavioralDiversity,https://github.com/proroklab/ControllingBehavioralDiversity,https://github.com/proroklab/ControllingBehavioralDiversity,,2023-06-22 09:26:17,2024-12-21 17:32:53,2024-12-21 17:32:53,6,1.0,1.0,3.0,,2.0,,20,,,,"This repository contains the code for Diversity Control (DiCo), a novel method to constrain behavioral diversity in..",,,,2,False,others,3.0,,,,
208,KAN-EA,hhyqhh/KAN-EA,https://github.com/hhyqhh/KAN-EA,https://github.com/hhyqhh/KAN-EA,,2024-05-24 14:42:40,2024-05-28 02:51:06,2024-05-28 02:26:01,6,,7.0,1.0,,,,17,,,,,,,,2,False,others,3.0,,,,
209,spotlight_hardware_designs,facebookresearch/spotlight_hardware_designs,https://github.com/facebookresearch/spotlight_hardware_designs,https://github.com/facebookresearch/spotlight_hardware_designs,CC-BY-4.0,2022-09-14 19:51:12,2023-03-23 22:04:39,2023-03-23 22:04:39,2,,1.0,10.0,2.0,,,15,,,,Partial set of hardware designs for a Meta-developed brain computer interface (BCI) research prototype system..,,,2.0,2,False,others,3.0,,,,
210,warehouse_env_gen_nca_public,lunjohnzhang/warehouse_env_gen_nca_public,https://github.com/lunjohnzhang/warehouse_env_gen_nca_public,https://github.com/lunjohnzhang/warehouse_env_gen_nca_public,,2023-10-25 07:32:04,2023-10-31 04:34:57,2023-10-31 04:34:56,13,,1.0,1.0,,1.0,,9,,,,"Official implementation of the paper Arbitrarily Scalable Environment Generators via Neural Cellular Automata,..",,,,2,False,others,3.0,,,,
211,moe-routing,ilyalasy/moe-routing,https://github.com/ilyalasy/moe-routing,https://github.com/ilyalasy/moe-routing,,2024-02-27 13:00:01,2024-03-22 12:13:25,2024-03-22 12:13:23,31,,,1.0,,,,9,,,,Analysis of token routing for different implementations of Mixture of Experts.,,,2.0,2,False,others,3.0,,,,
212,MetaMetaLearning,ThomasMiconi/MetaMetaLearning,https://github.com/ThomasMiconi/MetaMetaLearning,https://github.com/ThomasMiconi/MetaMetaLearning,,2022-02-09 02:20:56,2022-09-01 22:52:19,2022-09-01 22:52:19,11,,2.0,2.0,,,,8,,,,Evolve plastic networks to be able to automatically acquire novel cognitive (meta-learning) tasks.,,,,2,False,others,3.0,,,,
213,es-lottery,RobertTLange/es-lottery,https://github.com/RobertTLange/es-lottery,https://github.com/RobertTLange/es-lottery,,2022-12-02 15:58:46,2023-06-02 08:11:43,2023-06-02 08:11:33,2,,2.0,1.0,,,,14,,,,"Lottery Tickets in Evolutionary Optimization (Lange & Sprekeler, ICML 2023).",,,,1,False,others,3.0,,,,
214,cultural-accumulation,FLAIROx/cultural-accumulation,https://github.com/FLAIROx/cultural-accumulation,https://github.com/FLAIROx/cultural-accumulation,,2024-05-29 19:01:28,2024-07-16 20:02:08,2024-06-11 15:33:53,11,,4.0,5.0,1.0,1.0,1.0,13,,,,,,,2.0,1,False,others,3.0,,,,
215,LearningToLearnCogTasks,ThomasMiconi/LearningToLearnCogTasks,https://github.com/ThomasMiconi/LearningToLearnCogTasks,https://github.com/ThomasMiconi/LearningToLearnCogTasks,,2023-05-26 16:14:43,2023-06-03 22:11:33,2023-06-03 22:11:33,8,,1.0,1.0,,,,9,,,,"Code for the ICML 2023 paper Learning to acquire novel cognitive tasks with evolution, plasticity and meta-meta-..",,,2.0,1,False,others,3.0,,,,
216,procgen_autorl,jparkerholder/procgen_autorl,https://github.com/jparkerholder/procgen_autorl,https://github.com/jparkerholder/procgen_autorl,,2021-10-17 08:43:56,2021-12-13 10:55:00,2021-12-13 10:55:00,4,,1.0,1.0,,,,7,,,,,,,,1,False,others,3.0,,,,
217,promptsearch,lukas/promptsearch,https://github.com/lukas/promptsearch,https://github.com/lukas/promptsearch,,2024-05-18 09:36:57,2024-06-27 15:48:25,2024-06-27 15:48:25,16,,2.0,2.0,1.0,,,5,,,,some experiments with sweeping prompts.,,,2.0,1,False,others,3.0,,,,
218,NEAT_RL,rwickman/NEAT_RL,https://github.com/rwickman/NEAT_RL,https://github.com/rwickman/NEAT_RL,,2023-01-10 03:24:20,2023-04-19 13:52:06,2023-04-19 13:52:06,49,,,2.0,,,,4,,,,,,,2.0,1,False,others,3.0,,,,
219,Hierarchy,Evolutionary-Intelligence/Hierarchy,https://github.com/Evolutionary-Intelligence/Hierarchy,https://github.com/Evolutionary-Intelligence/Hierarchy,CC0-1.0,2024-02-29 11:08:38,2024-03-06 09:51:09,2024-03-06 09:51:09,18,,,2.0,,,,2,,,,,,,,1,False,others,3.0,,,,
220,BPT-VLM,ECNU-ICALK/BPT-VLM,https://github.com/ECNU-ICALK/BPT-VLM,https://github.com/ECNU-ICALK/BPT-VLM,,2023-04-26 11:08:01,2023-09-18 12:26:58,2023-09-18 12:26:58,2,,2.0,1.0,,1.0,1.0,15,,,,[IJCAI 2023] Black-box Prompt Tuning for Vision-Language Model as a Service.,,,,0,False,others,,,,,
221,Noise-Reuse-Evolution-Strategies,OscarcarLi/Noise-Reuse-Evolution-Strategies,https://github.com/OscarcarLi/Noise-Reuse-Evolution-Strategies,https://github.com/OscarcarLi/Noise-Reuse-Evolution-Strategies,,2023-04-15 15:13:10,2023-12-21 22:09:03,2023-12-21 22:09:03,4,,,2.0,,,1.0,5,,,,,,,,0,False,others,,,,,
222,alife2023,evoising/alife2023,https://github.com/evoising/alife2023,https://github.com/evoising/alife2023,,2023-05-07 19:39:51,2023-07-25 19:53:31,2023-07-25 19:53:18,15,,1.0,1.0,,,,3,,,,,,,2.0,0,False,others,,,,,
223,diversity_metrics,CarperAI/diversity_metrics,https://github.com/CarperAI/diversity_metrics,https://github.com/CarperAI/diversity_metrics,,2023-07-05 19:58:05,2023-08-10 18:51:55,2023-08-10 18:51:53,11,,1.0,1.0,,,,1,,,,,,,,0,False,others,,,,,
